<?xml version="1.0" encoding="UTF-8"?>
<library xmlns="urn:hl7-org:elm:r1" xmlns:t="urn:hl7-org:elm-types:r1" xmlns:xsi="http://www.w3.org/2001/XMLSchema-instance" xmlns:xsd="http://www.w3.org/2001/XMLSchema" xmlns:fhir="http://hl7.org/fhir" xmlns:qdm43="urn:healthit-gov:qdm:v4_3" xmlns:qdm53="urn:healthit-gov:qdm:v5_3" xmlns:a="urn:hl7-org:cql-annotations:r1">
   <annotation translatorVersion="2.7.0" translatorOptions="EnableAnnotations,EnableLocators,DisableListDemotion,DisableListPromotion" xsi:type="a:CqlToElmInfo"/>
   <annotation xsi:type="a:Annotation">
      <a:s r="36">
         <a:s>/**
 * Immunization Common Stratifiers by Patients as Context
 */
library IMMZCommonIzDataElements</a:s>
      </a:s>
   </annotation>
   <identifier id="IMMZCommonIzDataElements" system="http://smart.who.int/ig/smart-immunizations"/>
   <schemaIdentifier id="urn:hl7-org:elm" version="r1"/>
   <usings>
      <def localIdentifier="System" uri="urn:hl7-org:elm-types:r1"/>
      <def localId="1" locator="7:1-7:26" localIdentifier="FHIR" uri="http://hl7.org/fhir" version="4.0.1">
         <annotation xsi:type="a:Annotation">
            <a:s r="1">
               <a:s>using </a:s>
               <a:s>
                  <a:s>FHIR</a:s>
               </a:s>
               <a:s> version '4.0.1'</a:s>
            </a:s>
         </annotation>
      </def>
   </usings>
   <includes>
      <def localId="2" locator="9:1-9:35" localIdentifier="FHIRHelpers" path="http://smart.who.int/ig/smart-immunizations/FHIRHelpers" version="4.0.1">
         <annotation xsi:type="a:Annotation">
            <a:s r="2">
               <a:s>include </a:s>
               <a:s>
                  <a:s>FHIRHelpers</a:s>
               </a:s>
               <a:s> version '4.0.1'</a:s>
            </a:s>
         </annotation>
      </def>
      <def localId="3" locator="10:1-10:29" localIdentifier="WCom" path="http://smart.who.int/ig/smart-immunizations/WHOCommon">
         <annotation xsi:type="a:Annotation">
            <a:s r="3">
               <a:s>include </a:s>
               <a:s>
                  <a:s>WHOCommon</a:s>
               </a:s>
               <a:s> called WCom</a:s>
            </a:s>
         </annotation>
      </def>
      <def localId="4" locator="11:1-11:33" localIdentifier="IMMZCom" path="http://smart.who.int/ig/smart-immunizations/IMMZCommon">
         <annotation xsi:type="a:Annotation">
            <a:s r="4">
               <a:s>include </a:s>
               <a:s>
                  <a:s>IMMZCommon</a:s>
               </a:s>
               <a:s> called IMMZCom</a:s>
            </a:s>
         </annotation>
      </def>
      <def localId="5" locator="12:1-12:33" localIdentifier="IMMZc" path="http://smart.who.int/ig/smart-immunizations/IMMZConcepts">
         <annotation xsi:type="a:Annotation">
            <a:s r="5">
               <a:s>include </a:s>
               <a:s>
                  <a:s>IMMZConcepts</a:s>
               </a:s>
               <a:s> called IMMZc</a:s>
            </a:s>
         </annotation>
      </def>
      <def localId="6" locator="13:1-13:40" localIdentifier="IMMZvl" path="http://smart.who.int/ig/smart-immunizations/IMMZVaccineLibrary">
         <annotation xsi:type="a:Annotation">
            <a:s r="6">
               <a:s>include </a:s>
               <a:s>
                  <a:s>IMMZVaccineLibrary</a:s>
               </a:s>
               <a:s> called IMMZvl</a:s>
            </a:s>
         </annotation>
      </def>
   </includes>
   <codeSystems>
      <def localId="7" locator="15:1-15:79" name="Vaccines Administered" id="http://hl7.org/fhir/ValueSet/vaccine-code" accessLevel="Public">
         <annotation xsi:type="a:Annotation">
            <a:s r="7">
               <a:s>codesystem &quot;Vaccines Administered&quot;: 'http://hl7.org/fhir/ValueSet/vaccine-code'</a:s>
            </a:s>
         </annotation>
      </def>
   </codeSystems>
   <codes>
      <def localId="9" locator="18:1-18:60" name="BCG" id="BCG" display="BCG" accessLevel="Public">
         <annotation xsi:type="a:Annotation">
            <a:s r="9">
               <a:s>// Vaccines administered
code &quot;BCG&quot;: 'BCG' from </a:s>
               <a:s r="8">
                  <a:s>&quot;Vaccines Administered&quot;</a:s>
               </a:s>
               <a:s> display 'BCG'</a:s>
            </a:s>
         </annotation>
         <codeSystem localId="8" locator="18:24-18:46" name="Vaccines Administered"/>
      </def>
   </codes>
   <statements>
      <def locator="21:1-21:20" name="Immunization" context="Immunization">
         <expression xsi:type="SingletonFrom">
            <operand locator="21:1-21:20" dataType="fhir:Immunization" templateId="http://hl7.org/fhir/StructureDefinition/Immunization" xsi:type="Retrieve"/>
         </expression>
      </def>
      <def localId="28" locator="24:1-27:31" name="Geographic Region of Vaccine Administration" context="Immunization" accessLevel="Public">
         <annotation xsi:type="a:Annotation">
            <a:s r="28">
               <a:s>// @dataElement: Geographic Region where the vaccination was provided
define &quot;Geographic Region of Vaccine Administration&quot;: 
    </a:s>
               <a:s r="27">
                  <a:s r="26">
                     <a:s r="10">
                        <a:s>WCom</a:s>
                     </a:s>
                     <a:s>.</a:s>
                     <a:s r="26">
                        <a:s>Official(</a:s>
                        <a:s r="25">
                           <a:s>
                              <a:s r="12">
                                 <a:s r="11">
                                    <a:s r="11">
                                       <a:s>[Location]</a:s>
                                    </a:s>
                                 </a:s>
                                 <a:s> L</a:s>
                              </a:s>
                           </a:s>
                           <a:s> 
        </a:s>
                           <a:s r="21">
                              <a:s>where </a:s>
                              <a:s r="21">
                                 <a:s r="14">
                                    <a:s r="13">
                                       <a:s>L</a:s>
                                    </a:s>
                                    <a:s>.</a:s>
                                    <a:s r="14">
                                       <a:s>id</a:s>
                                    </a:s>
                                 </a:s>
                                 <a:s> = </a:s>
                                 <a:s r="20">
                                    <a:s>Last(</a:s>
                                    <a:s r="19">
                                       <a:s>Split(</a:s>
                                       <a:s r="17">
                                          <a:s r="16">
                                             <a:s r="15">
                                                <a:s>Immunization</a:s>
                                             </a:s>
                                             <a:s>.</a:s>
                                             <a:s r="16">
                                                <a:s>location</a:s>
                                             </a:s>
                                          </a:s>
                                          <a:s>.</a:s>
                                          <a:s r="17">
                                             <a:s>reference</a:s>
                                          </a:s>
                                       </a:s>
                                       <a:s>, </a:s>
                                       <a:s r="18">
                                          <a:s>'/'</a:s>
                                       </a:s>
                                       <a:s>)</a:s>
                                    </a:s>
                                    <a:s>)</a:s>
                                 </a:s>
                              </a:s>
                           </a:s>
                           <a:s>
        </a:s>
                           <a:s r="24">
                              <a:s>return </a:s>
                              <a:s r="23">
                                 <a:s r="22">
                                    <a:s>L</a:s>
                                 </a:s>
                                 <a:s>.</a:s>
                                 <a:s r="23">
                                    <a:s>address</a:s>
                                 </a:s>
                              </a:s>
                           </a:s>
                        </a:s>
                        <a:s>)</a:s>
                     </a:s>
                  </a:s>
                  <a:s>.</a:s>
                  <a:s r="27">
                     <a:s>state</a:s>
                  </a:s>
               </a:s>
            </a:s>
         </annotation>
         <expression localId="27" locator="25:5-27:31" path="state" xsi:type="Property">
            <source localId="26" locator="25:5-27:25" name="Official" libraryName="WCom" xsi:type="FunctionRef">
               <operand localId="25" locator="25:19-27:24" xsi:type="Query">
                  <source localId="12" locator="25:19-25:30" alias="L">
                     <expression localId="11" locator="25:19-25:28" dataType="fhir:Location" templateId="http://hl7.org/fhir/StructureDefinition/Location" xsi:type="Retrieve"/>
                  </source>
                  <where localId="21" locator="26:9-26:70" xsi:type="Equal">
                     <operand name="ToString" libraryName="FHIRHelpers" xsi:type="FunctionRef">
                        <operand localId="14" locator="26:15-26:18" path="id" scope="L" xsi:type="Property"/>
                     </operand>
                     <operand localId="20" locator="26:22-26:70" xsi:type="Last">
                        <source localId="19" locator="26:27-26:69" xsi:type="Split">
                           <stringToSplit name="ToString" libraryName="FHIRHelpers" xsi:type="FunctionRef">
                              <operand localId="17" locator="26:33-26:63" path="reference" xsi:type="Property">
                                 <source localId="16" locator="26:33-26:53" path="location" xsi:type="Property">
                                    <source localId="15" locator="26:33-26:44" name="Immunization" xsi:type="ExpressionRef"/>
                                 </source>
                              </operand>
                           </stringToSplit>
                           <separator localId="18" locator="26:66-26:68" valueType="t:String" value="/" xsi:type="Literal"/>
                        </source>
                     </operand>
                  </where>
                  <return localId="24" locator="27:9-27:24">
                     <expression localId="23" locator="27:16-27:24" path="address" scope="L" xsi:type="Property"/>
                  </return>
               </operand>
            </source>
         </expression>
      </def>
      <def localId="36" locator="30:1-31:77" name="Dose Number of Vaccine Administration" context="Immunization" accessLevel="Public">
         <annotation xsi:type="a:Annotation">
            <a:s r="36">
               <a:s>// @dataElement: The vaccination dose sequence
define &quot;Dose Number of Vaccine Administration&quot;: 
    </a:s>
               <a:s r="35">
                  <a:s r="33">
                     <a:s r="32">
                        <a:s r="29">
                           <a:s>IMMZCom</a:s>
                        </a:s>
                        <a:s>.</a:s>
                        <a:s r="32">
                           <a:s>Only(</a:s>
                           <a:s r="31">
                              <a:s r="30">
                                 <a:s>Immunization</a:s>
                              </a:s>
                              <a:s>.</a:s>
                              <a:s r="31">
                                 <a:s>protocolApplied</a:s>
                              </a:s>
                           </a:s>
                           <a:s>)</a:s>
                        </a:s>
                     </a:s>
                     <a:s>.</a:s>
                     <a:s r="33">
                        <a:s>doseNumber</a:s>
                     </a:s>
                  </a:s>
                  <a:s> as </a:s>
                  <a:s r="34">
                     <a:s>FHIR.positiveInt</a:s>
                  </a:s>
               </a:s>
            </a:s>
         </annotation>
         <expression localId="35" locator="31:5-31:77" strict="false" xsi:type="As">
            <operand localId="33" locator="31:5-31:57" path="doseNumber" xsi:type="Property">
               <source localId="32" locator="31:5-31:46" name="Only" libraryName="IMMZCom" xsi:type="FunctionRef">
                  <operand localId="31" locator="31:18-31:45" path="protocolApplied" xsi:type="Property">
                     <source localId="30" locator="31:18-31:29" name="Immunization" xsi:type="ExpressionRef"/>
                  </operand>
               </source>
            </operand>
            <asTypeSpecifier localId="34" locator="31:62-31:77" name="fhir:positiveInt" xsi:type="NamedTypeSpecifier"/>
         </expression>
      </def>
   </statements>
</library>
