<?xml version="1.0" encoding="UTF-8"?>

<ValueSet xmlns="http://hl7.org/fhir">
  <id value="whoatc-uv-ips"/>
  <meta>
    <profile value="http://hl7.org/fhir/StructureDefinition/shareablevalueset"/>
  </meta>
  <text>
    <status value="generated"/><div xmlns="http://www.w3.org/1999/xhtml"><h2>WHO ATC - IPS</h2><div><p>World Health Organization Anatomical Therapeutic Chemical (ATC) classification system.  Note: The currently implemented code system and the value set expansion contain only a set of example ATC codes, not the complete code system content.</p>
</div><p><b>Copyright Statement:</b> This artifact includes content from Anatomical Therapeutic Chemical (ATC) classification system. ATC codes are copyright World Health Organization (WHO) Collaborating Centre for Drug Statistics Methodology. Terms &amp; Conditions in https://www.whocc.no/use_of_atc_ddd/</p><ul><li>Include all codes defined in <a href="http://www.whocc.no/atc"><code>http://www.whocc.no/atc</code></a></li></ul></div>
  </text>
  <url value="http://hl7.org/fhir/uv/ips/ValueSet/whoatc-uv-ips"/>
  <identifier>
    <use value="official"/>
    <system value="http://art-decor.org/ns/oids/vs"/>
    <value value="2.16.840.1.113883.11.22.29"/>
  </identifier>
  <version value="0.1.0"/>
  <name value="WhoAtcUvIps"/>
  <title value="WHO ATC - IPS"/>
  <status value="active"/>
  <experimental value="false"/>
  <date value="2020-05-19T18:37:29+00:00"/>
  <publisher value="World Health Organization (WHO)"/>
  <contact>
    <name value="World Health Organization (WHO)"/>
    <telecom>
      <system value="url"/>
      <value value="https://www.who.int"/>
    </telecom>
  </contact>
  <description value="World Health Organization Anatomical Therapeutic Chemical (ATC) classification system.  Note: The currently implemented code system and the value set expansion contain only a set of example ATC codes, not the complete code system content."/>
  <jurisdiction>
    <coding>
      <system value="http://unstats.un.org/unsd/methods/m49/m49.htm"/>
      <code value="001"/>
    </coding>
  </jurisdiction>
  <immutable value="false"/>
  <copyright value="This artifact includes content from Anatomical Therapeutic Chemical (ATC) classification system. ATC codes are copyright World Health Organization (WHO) Collaborating Centre for Drug Statistics Methodology. Terms &amp; Conditions in https://www.whocc.no/use_of_atc_ddd/"/>
  <compose>
    <include>
      <system value="http://www.whocc.no/atc"/>
    </include>
  </compose>
</ValueSet>