<?xml version="1.0" encoding="UTF-8"?>

<ValueSet xmlns="http://hl7.org/fhir">
  <id value="reason-for-referral-values"/>
  <text>
    <status value="generated"/><div xmlns="http://www.w3.org/1999/xhtml"><ul><li>Include these codes as defined in <a href="http://www.snomed.org/"><code>http://snomed.info/sct</code></a><table class="none"><tr><td style="white-space:nowrap"><b>Code</b></td><td><b>Display</b></td></tr><tr><td><a href="http://snomed.info/id/86395003">86395003</a></td><td>Family planning procedure</td></tr><tr><td><a href="http://snomed.info/id/305930006">305930006</a></td><td>Family planning procedure</td></tr><tr><td><a href="http://snomed.info/id/306228005">306228005</a></td><td>Screening referral</td></tr><tr><td><a href="http://snomed.info/id/306206005">306206005</a></td><td>Other referral</td></tr></table></li></ul></div>
  </text>
  <url value="http://fhir.org/guides/who/core/ValueSet/reason-for-referral-values"/>
  <version value="0.1.0"/>
  <name value="reason-for-referral-values"/>
  <title value="Reason for referral values"/>
  <status value="draft"/>
  <experimental value="false"/>
  <date value="2023-10-16T21:55:06+00:00"/>
  <publisher value="World Health Organization (WHO)"/>
  <contact>
    <name value="World Health Organization (WHO)"/>
    <telecom>
      <system value="url"/>
      <value value="https://www.who.int"/>
    </telecom>
  </contact>
  <description value="Codes representing possible values for the Reason for referral element"/>
  <jurisdiction>
    <coding>
      <system value="http://unstats.un.org/unsd/methods/m49/m49.htm"/>
      <code value="001"/>
    </coding>
  </jurisdiction>
  <immutable value="true"/>
  <compose>
    <include>
      <system value="http://snomed.info/sct"/>
      <concept>
        <code value="86395003"/>
        <display value="Family planning procedure"/>
      </concept>
      <concept>
        <code value="305930006"/>
        <display value="Family planning procedure"/>
      </concept>
      <concept>
        <code value="306228005"/>
        <display value="Screening referral"/>
      </concept>
      <concept>
        <code value="306206005"/>
        <display value="Other referral"/>
      </concept>
    </include>
  </compose>
</ValueSet>