{
  "resourceType" : "ValueSet",
  "id" : "IMMZ.A1.DE9",
  "text" : {
    "status" : "generated",
    "div" : "<div xmlns=\"http://www.w3.org/1999/xhtml\"><p>This value set includes codes based on the following rules:</p><ul><li>Include these codes as defined in <a href=\"http://www.whocc.no/atc\"><code>http://www.whocc.no/atc</code></a><table class=\"none\"><tr><td style=\"white-space:nowrap\"><b>Code</b></td><td><b>Display</b></td></tr><tr><td>J07BD53</td><td>measles, combinations with rubella, live attenuated</td></tr><tr><td>J07BD54</td><td>measles, combinations with mumps, rubella and varicella, live attenuated</td></tr><tr><td>J07BD</td><td>Measles vaccines</td></tr><tr><td>J07BD52</td><td>measles, combinations with mumps and rubella, live attenuated</td></tr><tr><td>J07BD01</td><td>measles, live attenuated</td></tr><tr><td>J07BD51</td><td>measles, combinations with mumps, live attenuated</td></tr></table></li><li>Include these codes as defined in <a href=\"http://www.snomed.org/\"><code>http://snomed.info/sct</code></a><table class=\"none\"><tr><td style=\"white-space:nowrap\"><b>Code</b></td><td><b>Display</b></td></tr><tr><td><a href=\"http://snomed.info/id/440075005\">440075005</a></td><td>Live measles + rubella vaccine injection dose form (product)</td></tr><tr><td><a href=\"http://snomed.info/id/419550004\">419550004</a></td><td>Measles + mumps + rubella + varicella vaccine (product)</td></tr><tr><td><a href=\"http://snomed.info/id/386012008\">386012008</a></td><td>Measles vaccine (product)</td></tr><tr><td><a href=\"http://snomed.info/id/400449000\">400449000</a></td><td>Measles virus vaccine, live, 0.5mL/vial powder for injection (product)</td></tr><tr><td><a href=\"http://snomed.info/id/61153008\">61153008</a></td><td>Measles, mumps and rubella vaccine (product)</td></tr><tr><td><a href=\"http://snomed.info/id/347649008\">347649008</a></td><td>Measles/mumps/rubella vaccine powder and solvent for injection solution vial (product)</td></tr><tr><td><a href=\"http://snomed.info/id/419771007\">419771007</a></td><td>Measles/mumps/rubella/varicella vaccine powder and solvent for injection solution vial (product)</td></tr></table></li><li>Include these codes as defined in <code>ICD-11</code><table class=\"none\"><tr><td style=\"white-space:nowrap\"><b>Code</b></td><td><b>Display</b></td></tr><tr><td>XM28X5</td><td>Measles vaccines</td></tr></table></li><li>Include these codes as defined in <a href=\"http://loinc.org\"><code>http://loinc.org</code></a><table class=\"none\"><tr><td style=\"white-space:nowrap\"><b>Code</b></td><td><b>Display</b></td></tr><tr><td><a href=\"https://loinc.org/30940-1/\">30940-1</a></td><td>Measles virus+Mumps virus+Rubella virus dose count in combination vaccine</td></tr></table></li></ul></div>"
  },
  "url" : "http://smart.who.int/ig/smart-immunizations/ValueSet/IMMZ.A1.DE9",
  "version" : "0.1.0",
  "name" : "Measles",
  "status" : "draft",
  "experimental" : false,
  "date" : "2023-10-16T21:55:06+00:00",
  "publisher" : "World Health Organization (WHO)",
  "contact" : [{
    "name" : "World Health Organization (WHO)",
    "telecom" : [{
      "system" : "url",
      "value" : "https://www.who.int"
    }]
  }],
  "jurisdiction" : [{
    "coding" : [{
      "system" : "http://unstats.un.org/unsd/methods/m49/m49.htm",
      "code" : "001"
    }]
  }],
  "immutable" : true,
  "compose" : {
    "include" : [{
      "system" : "http://www.whocc.no/atc",
      "concept" : [{
        "code" : "J07BD53",
        "display" : "measles, combinations with rubella, live attenuated"
      },
      {
        "code" : "J07BD54",
        "display" : "measles, combinations with mumps, rubella and varicella, live attenuated"
      },
      {
        "code" : "J07BD",
        "display" : "Measles vaccines"
      },
      {
        "code" : "J07BD52",
        "display" : "measles, combinations with mumps and rubella, live attenuated"
      },
      {
        "code" : "J07BD01",
        "display" : "measles, live attenuated"
      },
      {
        "code" : "J07BD51",
        "display" : "measles, combinations with mumps, live attenuated"
      }]
    },
    {
      "system" : "http://snomed.info/sct",
      "concept" : [{
        "code" : "440075005",
        "display" : "Live measles + rubella vaccine injection dose form (product)"
      },
      {
        "code" : "419550004",
        "display" : "Measles + mumps + rubella + varicella vaccine (product)"
      },
      {
        "code" : "386012008",
        "display" : "Measles vaccine (product)"
      },
      {
        "code" : "400449000",
        "display" : "Measles virus vaccine, live, 0.5mL/vial powder for injection (product)"
      },
      {
        "code" : "61153008",
        "display" : "Measles, mumps and rubella vaccine (product)"
      },
      {
        "code" : "347649008",
        "display" : "Measles/mumps/rubella vaccine powder and solvent for injection solution vial (product)"
      },
      {
        "code" : "419771007",
        "display" : "Measles/mumps/rubella/varicella vaccine powder and solvent for injection solution vial (product)"
      }]
    },
    {
      "system" : "ICD-11",
      "concept" : [{
        "code" : "XM28X5",
        "display" : "Measles vaccines"
      }]
    },
    {
      "system" : "http://loinc.org",
      "concept" : [{
        "code" : "30940-1",
        "display" : "Measles virus+Mumps virus+Rubella virus dose count in combination vaccine"
      }]
    }]
  }
}