<?xml version="1.0" encoding="UTF-8"?>

<ValueSet xmlns="http://hl7.org/fhir">
  <id value="payment-method-values"/>
  <text>
    <status value="generated"/><div xmlns="http://www.w3.org/1999/xhtml"><ul><li>Include these codes as defined in <code>http://who.int/cg/CodeSystem/extended-content</code><table class="none"><tr><td style="white-space:nowrap"><b>Code</b></td><td><b>Display</b></td></tr><tr><td>G</td><td>Government</td></tr><tr><td>I</td><td>Insurance</td></tr></table></li></ul></div>
  </text>
  <url value="http://fhir.org/guides/who/core/ValueSet/payment-method-values"/>
  <version value="0.1.0"/>
  <name value="payment-method-values"/>
  <title value="Payment method values"/>
  <status value="draft"/>
  <experimental value="false"/>
  <date value="2023-10-16T21:55:06+00:00"/>
  <publisher value="World Health Organization (WHO)"/>
  <contact>
    <name value="World Health Organization (WHO)"/>
    <telecom>
      <system value="url"/>
      <value value="https://www.who.int"/>
    </telecom>
  </contact>
  <description value="Codes representing possible values for the Payment method element"/>
  <jurisdiction>
    <coding>
      <system value="http://unstats.un.org/unsd/methods/m49/m49.htm"/>
      <code value="001"/>
    </coding>
  </jurisdiction>
  <immutable value="true"/>
  <compose>
    <include>
      <system value="http://who.int/cg/CodeSystem/extended-content"/>
      <concept>
        <code value="G"/>
        <display value="Government"/>
      </concept>
      <concept>
        <code value="I"/>
        <display value="Insurance"/>
      </concept>
    </include>
  </compose>
</ValueSet>