<?xml version="1.0" encoding="UTF-8"?>

<ImplementationGuide xmlns="http://hl7.org/fhir">
  <id value="who.fhir.immunization"/>
  <text>
    <status value="extensions"/><div xmlns="http://www.w3.org/1999/xhtml"><h2>Immunization</h2><p>The official URL for this implementation guide is: </p><pre>http://smart.who.int/ig/smart-immunizations/ImplementationGuide/fhir.who.immunization</pre><div><p>WHO Immunization Implementation Guide.</p>
</div></div>
  </text>
  <url value="http://smart.who.int/ig/smart-immunizations/ImplementationGuide/fhir.who.immunization"/>
  <version value="0.1.0"/>
  <name value="Immunization"/>
  <title value="WHO Immunization Implementation Guide"/>
  <status value="draft"/>
  <date value="2021-12-01"/>
  <publisher value="World Health Organization (WHO)"/>
  <contact>
    <name value="World Health Organization (WHO)"/>
    <telecom>
      <system value="url"/>
      <value value="https://www.who.int"/>
    </telecom>
  </contact>
  <description value="WHO Immunization Implementation Guide."/>
  <jurisdiction>
    <coding>
      <system value="http://unstats.un.org/unsd/methods/m49/m49.htm"/>
      <code value="001"/>
    </coding>
  </jurisdiction>
  <packageId value="who.fhir.immunization"/>
  <license value="CC0-1.0"/>
  <fhirVersion value="4.0.1"/>
  <dependsOn id="hl7tx">
    <extension url="http://hl7.org/fhir/tools/StructureDefinition/implementationguide-dependency-comment">
      <valueMarkdown value="Automatically added as a dependency - all IGs depend on HL7 Terminology"/>
    </extension>
    <uri value="http://terminology.hl7.org/ImplementationGuide/hl7.terminology"/>
    <packageId value="hl7.terminology.r4"/>
    <version value="5.3.0"/>
  </dependsOn>
  <dependsOn id="hl7ext">
    <extension url="http://hl7.org/fhir/tools/StructureDefinition/implementationguide-dependency-comment">
      <valueMarkdown value="Automatically added as a dependency - all IGs depend on the HL7 Extension Pack"/>
    </extension>
    <uri value="http://hl7.org/fhir/extensions/ImplementationGuide/hl7.fhir.uv.extensions"/>
    <packageId value="hl7.fhir.uv.extensions.r4"/>
    <version value="1.0.0"/>
  </dependsOn>
  <dependsOn id="hl7_fhir_uv_sdc">
    <uri value="http://hl7.org/fhir/uv/sdc/ImplementationGuide/hl7.fhir.uv.sdc"/>
    <packageId value="hl7.fhir.uv.sdc"/>
    <version value="3.0.0"/>
  </dependsOn>
  <dependsOn id="hl7_fhir_uv_cpg">
    <uri value="http://hl7.org/fhir/uv/cpg/ImplementationGuide/hl7.fhir.uv.cpg"/>
    <packageId value="hl7.fhir.uv.cpg"/>
    <version value="current"/>
  </dependsOn>
  <dependsOn id="hl7_fhir_us_cqfmeasures">
    <uri value="http://hl7.org/fhir/us/cqfmeasures/ImplementationGuide/hl7.fhir.us.cqfmeasures"/>
    <packageId value="hl7.fhir.us.cqfmeasures"/>
    <version value="current"/>
  </dependsOn>
  <definition>
    <extension url="http://hl7.org/fhir/tools/StructureDefinition/ig-parameter">
      <extension url="code">
        <valueString value="copyrightyear"/>
      </extension>
      <extension url="value">
        <valueString value="2021+"/>
      </extension>
    </extension>
    <extension url="http://hl7.org/fhir/tools/StructureDefinition/ig-parameter">
      <extension url="code">
        <valueString value="releaselabel"/>
      </extension>
      <extension url="value">
        <valueString value="CI Build"/>
      </extension>
    </extension>
    <extension url="http://hl7.org/fhir/tools/StructureDefinition/ig-parameter">
      <extension url="code">
        <valueString value="path-suppressed-warnings"/>
      </extension>
      <extension url="value">
        <valueString value="input/ignoreWarnings.txt"/>
      </extension>
    </extension>
    <extension url="http://hl7.org/fhir/tools/StructureDefinition/ig-parameter">
      <extension url="code">
        <valueString value="autoload-resources"/>
      </extension>
      <extension url="value">
        <valueString value="true"/>
      </extension>
    </extension>
    <extension url="http://hl7.org/fhir/tools/StructureDefinition/ig-parameter">
      <extension url="code">
        <valueString value="path-liquid"/>
      </extension>
      <extension url="value">
        <valueString value="template/liquid"/>
      </extension>
    </extension>
    <extension url="http://hl7.org/fhir/tools/StructureDefinition/ig-parameter">
      <extension url="code">
        <valueString value="path-liquid"/>
      </extension>
      <extension url="value">
        <valueString value="input/liquid"/>
      </extension>
    </extension>
    <extension url="http://hl7.org/fhir/tools/StructureDefinition/ig-parameter">
      <extension url="code">
        <valueString value="path-qa"/>
      </extension>
      <extension url="value">
        <valueString value="temp/qa"/>
      </extension>
    </extension>
    <extension url="http://hl7.org/fhir/tools/StructureDefinition/ig-parameter">
      <extension url="code">
        <valueString value="path-temp"/>
      </extension>
      <extension url="value">
        <valueString value="temp/pages"/>
      </extension>
    </extension>
    <extension url="http://hl7.org/fhir/tools/StructureDefinition/ig-parameter">
      <extension url="code">
        <valueString value="path-output"/>
      </extension>
      <extension url="value">
        <valueString value="output"/>
      </extension>
    </extension>
    <extension url="http://hl7.org/fhir/tools/StructureDefinition/ig-parameter">
      <extension url="code">
        <valueString value="path-history"/>
      </extension>
      <extension url="value">
        <valueString value="http://smart.who.int/ig/smart-immunizations/history.html"/>
      </extension>
    </extension>
    <extension url="http://hl7.org/fhir/tools/StructureDefinition/ig-parameter">
      <extension url="code">
        <valueString value="template-html"/>
      </extension>
      <extension url="value">
        <valueString value="template-page.html"/>
      </extension>
    </extension>
    <extension url="http://hl7.org/fhir/tools/StructureDefinition/ig-parameter">
      <extension url="code">
        <valueString value="template-md"/>
      </extension>
      <extension url="value">
        <valueString value="template-page-md.html"/>
      </extension>
    </extension>
    <extension url="http://hl7.org/fhir/tools/StructureDefinition/ig-parameter">
      <extension url="code">
        <valueString value="apply-contact"/>
      </extension>
      <extension url="value">
        <valueString value="true"/>
      </extension>
    </extension>
    <extension url="http://hl7.org/fhir/tools/StructureDefinition/ig-parameter">
      <extension url="code">
        <valueString value="apply-context"/>
      </extension>
      <extension url="value">
        <valueString value="true"/>
      </extension>
    </extension>
    <extension url="http://hl7.org/fhir/tools/StructureDefinition/ig-parameter">
      <extension url="code">
        <valueString value="apply-copyright"/>
      </extension>
      <extension url="value">
        <valueString value="true"/>
      </extension>
    </extension>
    <extension url="http://hl7.org/fhir/tools/StructureDefinition/ig-parameter">
      <extension url="code">
        <valueString value="apply-jurisdiction"/>
      </extension>
      <extension url="value">
        <valueString value="true"/>
      </extension>
    </extension>
    <extension url="http://hl7.org/fhir/tools/StructureDefinition/ig-parameter">
      <extension url="code">
        <valueString value="apply-license"/>
      </extension>
      <extension url="value">
        <valueString value="true"/>
      </extension>
    </extension>
    <extension url="http://hl7.org/fhir/tools/StructureDefinition/ig-parameter">
      <extension url="code">
        <valueString value="apply-publisher"/>
      </extension>
      <extension url="value">
        <valueString value="true"/>
      </extension>
    </extension>
    <extension url="http://hl7.org/fhir/tools/StructureDefinition/ig-parameter">
      <extension url="code">
        <valueString value="apply-version"/>
      </extension>
      <extension url="value">
        <valueString value="true"/>
      </extension>
    </extension>
    <extension url="http://hl7.org/fhir/tools/StructureDefinition/ig-parameter">
      <extension url="code">
        <valueString value="apply-wg"/>
      </extension>
      <extension url="value">
        <valueString value="true"/>
      </extension>
    </extension>
    <extension url="http://hl7.org/fhir/tools/StructureDefinition/ig-parameter">
      <extension url="code">
        <valueString value="active-tables"/>
      </extension>
      <extension url="value">
        <valueString value="true"/>
      </extension>
    </extension>
    <extension url="http://hl7.org/fhir/tools/StructureDefinition/ig-parameter">
      <extension url="code">
        <valueString value="fmm-definition"/>
      </extension>
      <extension url="value">
        <valueString value="http://hl7.org/fhir/versions.html#maturity"/>
      </extension>
    </extension>
    <extension url="http://hl7.org/fhir/tools/StructureDefinition/ig-parameter">
      <extension url="code">
        <valueString value="propagate-status"/>
      </extension>
      <extension url="value">
        <valueString value="true"/>
      </extension>
    </extension>
    <extension url="http://hl7.org/fhir/tools/StructureDefinition/ig-parameter">
      <extension url="code">
        <valueString value="excludelogbinaryformat"/>
      </extension>
      <extension url="value">
        <valueString value="true"/>
      </extension>
    </extension>
    <extension url="http://hl7.org/fhir/tools/StructureDefinition/ig-parameter">
      <extension url="code">
        <valueString value="tabbed-snapshots"/>
      </extension>
      <extension url="value">
        <valueString value="true"/>
      </extension>
    </extension>
    <extension url="http://hl7.org/fhir/tools/StructureDefinition/ig-internal-dependency">
      <valueCode value="hl7.fhir.uv.tools#current"/>
    </extension>
    <extension url="http://hl7.org/fhir/tools/StructureDefinition/ig-parameter">
      <extension url="code">
        <valueCode value="copyrightyear"/>
      </extension>
      <extension url="value">
        <valueString value="2021+"/>
      </extension>
    </extension>
    <extension url="http://hl7.org/fhir/tools/StructureDefinition/ig-parameter">
      <extension url="code">
        <valueCode value="releaselabel"/>
      </extension>
      <extension url="value">
        <valueString value="CI Build"/>
      </extension>
    </extension>
    <extension url="http://hl7.org/fhir/tools/StructureDefinition/ig-parameter">
      <extension url="code">
        <valueCode value="path-suppressed-warnings"/>
      </extension>
      <extension url="value">
        <valueString value="input/ignoreWarnings.txt"/>
      </extension>
    </extension>
    <extension url="http://hl7.org/fhir/tools/StructureDefinition/ig-parameter">
      <extension url="code">
        <valueCode value="autoload-resources"/>
      </extension>
      <extension url="value">
        <valueString value="true"/>
      </extension>
    </extension>
    <extension url="http://hl7.org/fhir/tools/StructureDefinition/ig-parameter">
      <extension url="code">
        <valueCode value="path-liquid"/>
      </extension>
      <extension url="value">
        <valueString value="template/liquid"/>
      </extension>
    </extension>
    <extension url="http://hl7.org/fhir/tools/StructureDefinition/ig-parameter">
      <extension url="code">
        <valueCode value="path-liquid"/>
      </extension>
      <extension url="value">
        <valueString value="input/liquid"/>
      </extension>
    </extension>
    <extension url="http://hl7.org/fhir/tools/StructureDefinition/ig-parameter">
      <extension url="code">
        <valueCode value="path-qa"/>
      </extension>
      <extension url="value">
        <valueString value="temp/qa"/>
      </extension>
    </extension>
    <extension url="http://hl7.org/fhir/tools/StructureDefinition/ig-parameter">
      <extension url="code">
        <valueCode value="path-temp"/>
      </extension>
      <extension url="value">
        <valueString value="temp/pages"/>
      </extension>
    </extension>
    <extension url="http://hl7.org/fhir/tools/StructureDefinition/ig-parameter">
      <extension url="code">
        <valueCode value="path-output"/>
      </extension>
      <extension url="value">
        <valueString value="output"/>
      </extension>
    </extension>
    <extension url="http://hl7.org/fhir/tools/StructureDefinition/ig-parameter">
      <extension url="code">
        <valueCode value="path-history"/>
      </extension>
      <extension url="value">
        <valueString value="http://smart.who.int/ig/smart-immunizations/history.html"/>
      </extension>
    </extension>
    <extension url="http://hl7.org/fhir/tools/StructureDefinition/ig-parameter">
      <extension url="code">
        <valueCode value="template-html"/>
      </extension>
      <extension url="value">
        <valueString value="template-page.html"/>
      </extension>
    </extension>
    <extension url="http://hl7.org/fhir/tools/StructureDefinition/ig-parameter">
      <extension url="code">
        <valueCode value="template-md"/>
      </extension>
      <extension url="value">
        <valueString value="template-page-md.html"/>
      </extension>
    </extension>
    <extension url="http://hl7.org/fhir/tools/StructureDefinition/ig-parameter">
      <extension url="code">
        <valueCode value="apply-contact"/>
      </extension>
      <extension url="value">
        <valueString value="true"/>
      </extension>
    </extension>
    <extension url="http://hl7.org/fhir/tools/StructureDefinition/ig-parameter">
      <extension url="code">
        <valueCode value="apply-context"/>
      </extension>
      <extension url="value">
        <valueString value="true"/>
      </extension>
    </extension>
    <extension url="http://hl7.org/fhir/tools/StructureDefinition/ig-parameter">
      <extension url="code">
        <valueCode value="apply-copyright"/>
      </extension>
      <extension url="value">
        <valueString value="true"/>
      </extension>
    </extension>
    <extension url="http://hl7.org/fhir/tools/StructureDefinition/ig-parameter">
      <extension url="code">
        <valueCode value="apply-jurisdiction"/>
      </extension>
      <extension url="value">
        <valueString value="true"/>
      </extension>
    </extension>
    <extension url="http://hl7.org/fhir/tools/StructureDefinition/ig-parameter">
      <extension url="code">
        <valueCode value="apply-license"/>
      </extension>
      <extension url="value">
        <valueString value="true"/>
      </extension>
    </extension>
    <extension url="http://hl7.org/fhir/tools/StructureDefinition/ig-parameter">
      <extension url="code">
        <valueCode value="apply-publisher"/>
      </extension>
      <extension url="value">
        <valueString value="true"/>
      </extension>
    </extension>
    <extension url="http://hl7.org/fhir/tools/StructureDefinition/ig-parameter">
      <extension url="code">
        <valueCode value="apply-version"/>
      </extension>
      <extension url="value">
        <valueString value="true"/>
      </extension>
    </extension>
    <extension url="http://hl7.org/fhir/tools/StructureDefinition/ig-parameter">
      <extension url="code">
        <valueCode value="apply-wg"/>
      </extension>
      <extension url="value">
        <valueString value="true"/>
      </extension>
    </extension>
    <extension url="http://hl7.org/fhir/tools/StructureDefinition/ig-parameter">
      <extension url="code">
        <valueCode value="active-tables"/>
      </extension>
      <extension url="value">
        <valueString value="true"/>
      </extension>
    </extension>
    <extension url="http://hl7.org/fhir/tools/StructureDefinition/ig-parameter">
      <extension url="code">
        <valueCode value="fmm-definition"/>
      </extension>
      <extension url="value">
        <valueString value="http://hl7.org/fhir/versions.html#maturity"/>
      </extension>
    </extension>
    <extension url="http://hl7.org/fhir/tools/StructureDefinition/ig-parameter">
      <extension url="code">
        <valueCode value="propagate-status"/>
      </extension>
      <extension url="value">
        <valueString value="true"/>
      </extension>
    </extension>
    <extension url="http://hl7.org/fhir/tools/StructureDefinition/ig-parameter">
      <extension url="code">
        <valueCode value="excludelogbinaryformat"/>
      </extension>
      <extension url="value">
        <valueString value="true"/>
      </extension>
    </extension>
    <extension url="http://hl7.org/fhir/tools/StructureDefinition/ig-parameter">
      <extension url="code">
        <valueCode value="tabbed-snapshots"/>
      </extension>
      <extension url="value">
        <valueString value="true"/>
      </extension>
    </extension>
    <grouping id="-ka-activitydefinition">
      <name value="Knowledge Artifacts: Activity Definitions"/>
      <description value="These define activities that can be performed as part of the guidelines in this implementation guide.&#xA;&#xA; &#xA;&#xA; &#xA;&#xA; &#xA;&#xA; &#xA;"/>
    </grouping>
    <resource>
      <extension url="http://hl7.org/fhir/tools/StructureDefinition/resource-information">
        <valueString value="ValueSet"/>
      </extension>
      <reference>
        <reference value="ValueSet/ARVDrugs-values"/>
      </reference>
      <name value="ARV Drugs values"/>
      <description value="Codes representing ARV Drugs values"/>
      <exampleBoolean value="false"/>
    </resource>
    <resource>
      <extension url="http://hl7.org/fhir/tools/StructureDefinition/resource-information">
        <valueString value="ValueSet"/>
      </extension>
      <reference>
        <reference value="ValueSet/Birthweight-values"/>
      </reference>
      <name value="Birthweight valueset"/>
      <description value="Codes representing Birthweight values"/>
      <exampleBoolean value="false"/>
    </resource>
    <resource>
      <extension url="http://hl7.org/fhir/tools/StructureDefinition/resource-information">
        <valueString value="Questionnaire"/>
      </extension>
      <reference>
        <reference value="Questionnaire/IMMZD1ClientHistoryMeasles"/>
      </reference>
      <name value="Capture Client History Questionnaire"/>
      <description value="Immunization - Capture Client History Questionnaire"/>
      <exampleBoolean value="false"/>
    </resource>
    <resource>
      <extension url="http://hl7.org/fhir/tools/StructureDefinition/resource-information">
        <valueString value="Questionnaire"/>
      </extension>
      <reference>
        <reference value="Questionnaire/IMMZD4CheckContraindicationsMeasles"/>
      </reference>
      <name value="Check Contraindications Questionnaire"/>
      <description value="Immunization - Check Contraindications Questionnaire"/>
      <exampleBoolean value="false"/>
    </resource>
    <resource>
      <extension url="http://hl7.org/fhir/tools/StructureDefinition/resource-information">
        <valueString value="Questionnaire"/>
      </extension>
      <reference>
        <reference value="Questionnaire/IMMZCRegisterClient"/>
      </reference>
      <name value="Client Registration Questionnaire"/>
      <description value="Immunization - Client Registration Questionnaire"/>
      <exampleBoolean value="false"/>
    </resource>
    <resource>
      <extension url="http://hl7.org/fhir/tools/StructureDefinition/resource-information">
        <valueString value="StructureDefinition:extension"/>
      </extension>
      <reference>
        <reference value="StructureDefinition/consenttocontact"/>
      </reference>
      <name value="Communication consent"/>
      <description value="Indication that client gave consent to be contacted"/>
      <exampleBoolean value="false"/>
    </resource>
    <resource>
      <extension url="http://hl7.org/fhir/tools/StructureDefinition/resource-information">
        <valueString value="ConceptMap"/>
      </extension>
      <reference>
        <reference value="ConceptMap/IMMZ.C.ConceptMap"/>
      </reference>
      <name value="ConceptMap to and from IMMZ.C DataElements"/>
      <description value="Mapping to and from IMMZ.C Data Dictionary to other codesystems."/>
      <exampleBoolean value="false"/>
    </resource>
    <resource>
      <extension url="http://hl7.org/fhir/tools/StructureDefinition/resource-information">
        <valueString value="ConceptMap"/>
      </extension>
      <reference>
        <reference value="ConceptMap/IMMZ.C.SexToAdministrativeGender"/>
      </reference>
      <name value="ConceptMap to and From IMMZ.C sex to administrative gender"/>
      <description value="Mapping to and from IMMZ.C sex coding to FHIR Administrative Gender."/>
      <exampleBoolean value="false"/>
    </resource>
    <resource>
      <extension url="http://hl7.org/fhir/tools/StructureDefinition/resource-information">
        <valueString value="ConceptMap"/>
      </extension>
      <reference>
        <reference value="ConceptMap/IMMZ.D1.ConceptMap"/>
      </reference>
      <name value="ConceptMap to and from IMMZ.D1 DataElements"/>
      <description value="Mapping to and from IMMZ.D1 Data Dictionary to other codesystems."/>
      <exampleBoolean value="false"/>
    </resource>
    <resource>
      <extension url="http://hl7.org/fhir/tools/StructureDefinition/resource-information">
        <valueString value="ConceptMap"/>
      </extension>
      <reference>
        <reference value="ConceptMap/IMMZ.D4.ConceptMap"/>
      </reference>
      <name value="ConceptMap to and from IMMZ.D4 DataElements"/>
      <description value="Mapping to and from IMMZ.D4 Data Dictionary to other codesystems."/>
      <exampleBoolean value="false"/>
    </resource>
    <resource>
      <extension url="http://hl7.org/fhir/tools/StructureDefinition/resource-information">
        <valueString value="ValueSet"/>
      </extension>
      <reference>
        <reference value="ValueSet/devicebirthcontrolmethods-values"/>
      </reference>
      <name value="Contraceptive history - Device-based values"/>
      <description value="Codes representing possible values for the Contraceptive history - Device-based element"/>
      <exampleBoolean value="false"/>
    </resource>
    <resource>
      <extension url="http://hl7.org/fhir/tools/StructureDefinition/resource-information">
        <valueString value="ValueSet"/>
      </extension>
      <reference>
        <reference value="ValueSet/active-condition"/>
      </reference>
      <name value="CQF Active Condition"/>
      <description value="Active condition clinical status codes"/>
      <exampleBoolean value="false"/>
    </resource>
    <resource>
      <extension url="http://hl7.org/fhir/tools/StructureDefinition/resource-information">
        <valueString value="ValueSet"/>
      </extension>
      <reference>
        <reference value="ValueSet/inactive-condition"/>
      </reference>
      <name value="CQF Inactive Condition"/>
      <description value="Inactive condition clinical status codes"/>
      <exampleBoolean value="false"/>
    </resource>
    <resource>
      <extension url="http://hl7.org/fhir/tools/StructureDefinition/resource-information">
        <valueString value="Device"/>
      </extension>
      <reference>
        <reference value="Device/cqf-tooling"/>
      </reference>
      <name value="cqf-tooling"/>
      <exampleBoolean value="false"/>
    </resource>
    <resource>
      <extension url="http://hl7.org/fhir/tools/StructureDefinition/resource-information">
        <valueString value="ValueSet"/>
      </extension>
      <reference>
        <reference value="ValueSet/current-medications-values"/>
      </reference>
      <name value="Current medications values"/>
      <description value="Codes representing possible values for the Current medications element"/>
      <exampleBoolean value="false"/>
    </resource>
    <resource>
      <extension url="http://hl7.org/fhir/tools/StructureDefinition/resource-information">
        <valueString value="ValueSet"/>
      </extension>
      <reference>
        <reference value="ValueSet/drug-allergies-values"/>
      </reference>
      <name value="Drug allergies values"/>
      <description value="Codes representing possible values for the Drug allergies element"/>
      <exampleBoolean value="false"/>
    </resource>
    <resource>
      <extension url="http://hl7.org/fhir/tools/StructureDefinition/resource-information">
        <valueString value="StructureDefinition:extension"/>
      </extension>
      <reference>
        <reference value="StructureDefinition/estimatedage"/>
      </reference>
      <name value="Estimated age"/>
      <description value="If DOB is unknown, enter the client's age. Note displaying the client's age in years."/>
      <exampleBoolean value="false"/>
    </resource>
    <resource>
      <extension url="http://hl7.org/fhir/tools/StructureDefinition/resource-information">
        <valueString value="QuestionnaireResponse"/>
      </extension>
      <reference>
        <reference value="QuestionnaireResponse/Example.IMMZ.C.QuestionnaireResponse.1"/>
      </reference>
      <name value="Example.IMMZ.C.QuestionnaireResponse.1"/>
      <exampleBoolean value="true"/>
    </resource>
    <resource>
      <extension url="http://hl7.org/fhir/tools/StructureDefinition/resource-information">
        <valueString value="QuestionnaireResponse"/>
      </extension>
      <reference>
        <reference value="QuestionnaireResponse/Example.IMMZ.D4.QuestionnaireResponse.1"/>
      </reference>
      <name value="Example.IMMZ.D4.QuestionnaireResponse.1"/>
      <exampleBoolean value="true"/>
    </resource>
    <resource>
      <extension url="http://hl7.org/fhir/tools/StructureDefinition/resource-information">
        <valueString value="QuestionnaireResponse"/>
      </extension>
      <reference>
        <reference value="QuestionnaireResponse/Example.IMMZ.D4.QuestionnaireResponse.2"/>
      </reference>
      <name value="Example.IMMZ.D4.QuestionnaireResponse.2"/>
      <exampleBoolean value="true"/>
    </resource>
    <resource>
      <extension url="http://hl7.org/fhir/tools/StructureDefinition/resource-information">
        <valueString value="QuestionnaireResponse"/>
      </extension>
      <reference>
        <reference value="QuestionnaireResponse/Example.IMMZ.D4.QuestionnaireResponse.3"/>
      </reference>
      <name value="Example.IMMZ.D4.QuestionnaireResponse.3"/>
      <exampleBoolean value="true"/>
    </resource>
    <resource>
      <extension url="http://hl7.org/fhir/tools/StructureDefinition/resource-information">
        <valueString value="QuestionnaireResponse"/>
      </extension>
      <reference>
        <reference value="QuestionnaireResponse/Example.IMMZ.D4.QuestionnaireResponse.4"/>
      </reference>
      <name value="Example.IMMZ.D4.QuestionnaireResponse.4"/>
      <exampleBoolean value="true"/>
    </resource>
    <resource>
      <extension url="http://hl7.org/fhir/tools/StructureDefinition/resource-information">
        <valueString value="Library"/>
      </extension>
      <reference>
        <reference value="Library/FHIRCommon"/>
      </reference>
      <name value="FHIRCommon"/>
      <exampleBoolean value="false"/>
    </resource>
    <resource>
      <extension url="http://hl7.org/fhir/tools/StructureDefinition/resource-information">
        <valueString value="Library"/>
      </extension>
      <reference>
        <reference value="Library/FHIRHelpers"/>
      </reference>
      <name value="FHIRHelpers"/>
      <exampleBoolean value="false"/>
    </resource>
    <resource>
      <extension url="http://hl7.org/fhir/tools/StructureDefinition/resource-information">
        <valueString value="ValueSet"/>
      </extension>
      <reference>
        <reference value="ValueSet/gender-values"/>
      </reference>
      <name value="Gender values"/>
      <description value="Codes representing possible values for the Gender element"/>
      <exampleBoolean value="false"/>
    </resource>
    <resource>
      <extension url="http://hl7.org/fhir/tools/StructureDefinition/resource-information">
        <valueString value="StructureDefinition:extension"/>
      </extension>
      <reference>
        <reference value="StructureDefinition/educationlevel"/>
      </reference>
      <name value="Highest level of education achieved"/>
      <description value="The highest level of school the client has reached."/>
      <exampleBoolean value="false"/>
    </resource>
    <resource>
      <extension url="http://hl7.org/fhir/tools/StructureDefinition/resource-information">
        <valueString value="ValueSet"/>
      </extension>
      <reference>
        <reference value="ValueSet/highest-level-of-education-achieved-values"/>
      </reference>
      <name value="Highest level of education achieved values"/>
      <description value="Codes representing possible values for the Highest level of education achieved element"/>
      <exampleBoolean value="false"/>
    </resource>
    <resource>
      <extension url="http://hl7.org/fhir/tools/StructureDefinition/resource-information">
        <valueString value="ValueSet"/>
      </extension>
      <reference>
        <reference value="ValueSet/hiv-stage-values"/>
      </reference>
      <name value="HIV Stage values"/>
      <description value="Codes representing possible values for the HIV Stage element"/>
      <exampleBoolean value="false"/>
    </resource>
    <resource>
      <extension url="http://hl7.org/fhir/tools/StructureDefinition/resource-information">
        <valueString value="ValueSet"/>
      </extension>
      <reference>
        <reference value="ValueSet/anc-b9-de45"/>
      </reference>
      <name value="HIV status"/>
      <description value="Codes representing possible values for the HIV status element"/>
      <exampleBoolean value="false"/>
    </resource>
    <resource>
      <extension url="http://hl7.org/fhir/tools/StructureDefinition/resource-information">
        <valueString value="ValueSet"/>
      </extension>
      <reference>
        <reference value="ValueSet/anc-b9-de47"/>
      </reference>
      <name value="HIV status - HIV negative Choices"/>
      <description value="Codes representing possible values for the HIV status - HIV negative Choices element"/>
      <exampleBoolean value="false"/>
    </resource>
    <resource>
      <extension url="http://hl7.org/fhir/tools/StructureDefinition/resource-information">
        <valueString value="ValueSet"/>
      </extension>
      <reference>
        <reference value="ValueSet/anc-b9-de46"/>
      </reference>
      <name value="HIV status - HIV positive Choices"/>
      <description value="Codes representing possible values for the HIV status - HIV positive Choices element"/>
      <exampleBoolean value="false"/>
    </resource>
    <resource>
      <extension url="http://hl7.org/fhir/tools/StructureDefinition/resource-information">
        <valueString value="ValueSet"/>
      </extension>
      <reference>
        <reference value="ValueSet/HIVstatus-values"/>
      </reference>
      <name value="HIV status values"/>
      <description value="Codes representing HIV status values"/>
      <exampleBoolean value="false"/>
    </resource>
    <resource>
      <extension url="http://hl7.org/fhir/tools/StructureDefinition/resource-information">
        <valueString value="ValueSet"/>
      </extension>
      <reference>
        <reference value="ValueSet/hiv-test-result-values"/>
      </reference>
      <name value="HIV Test Result values"/>
      <description value="Codes representing possible values for the HIV Test Result element"/>
      <exampleBoolean value="false"/>
    </resource>
    <resource>
      <extension url="http://hl7.org/fhir/tools/StructureDefinition/resource-information">
        <valueString value="ValueSet"/>
      </extension>
      <reference>
        <reference value="ValueSet/Immunocompromised-values"/>
      </reference>
      <name value="Immunocompromised valueset"/>
      <description value="Codes representing Immunocompromised values"/>
      <exampleBoolean value="false"/>
    </resource>
    <resource>
      <extension url="http://hl7.org/fhir/tools/StructureDefinition/resource-information">
        <valueString value="CodeSystem"/>
      </extension>
      <reference>
        <reference value="CodeSystem/IMMZ.C"/>
      </reference>
      <name value="IMMZ.C CodeSystem for Data Elements"/>
      <description value="CodeSystem for IMMZ.C Data Elements"/>
      <exampleBoolean value="false"/>
    </resource>
    <resource>
      <extension url="http://hl7.org/fhir/tools/StructureDefinition/resource-information">
        <valueString value="StructureDefinition:logical"/>
      </extension>
      <reference>
        <reference value="StructureDefinition/IMMZCRegisterClient"/>
      </reference>
      <name value="IMMZ.C Register Client"/>
      <description value="Data elements for the IMMZ.C Register Client Data Dictionary."/>
      <exampleBoolean value="false"/>
    </resource>
    <resource>
      <extension url="http://hl7.org/fhir/tools/StructureDefinition/resource-information">
        <valueString value="ValueSet"/>
      </extension>
      <reference>
        <reference value="ValueSet/IMMZ.C.DE5"/>
      </reference>
      <name value="IMMZ.C.DE5 ValueSet for Sex"/>
      <description value="ValueSet for Sex for IMMZ.C.DE5."/>
      <exampleBoolean value="false"/>
    </resource>
    <resource>
      <extension url="http://hl7.org/fhir/tools/StructureDefinition/resource-information">
        <valueString value="StructureDefinition:logical"/>
      </extension>
      <reference>
        <reference value="StructureDefinition/IMMZD1ClientHistoryMeasles"/>
      </reference>
      <name value="IMMZ.D1 Capture Client History for Measles"/>
      <description value="Data elements for the IMMZ.D1 Capture Client History Data Dictionary for Measles."/>
      <exampleBoolean value="false"/>
    </resource>
    <resource>
      <extension url="http://hl7.org/fhir/tools/StructureDefinition/resource-information">
        <valueString value="CodeSystem"/>
      </extension>
      <reference>
        <reference value="CodeSystem/IMMZ.D1"/>
      </reference>
      <name value="IMMZ.D1 CodeSystem for Data Elements"/>
      <description value="CodeSystem for IMMZ.C Data Elements"/>
      <exampleBoolean value="false"/>
    </resource>
    <resource>
      <extension url="http://hl7.org/fhir/tools/StructureDefinition/resource-information">
        <valueString value="ValueSet"/>
      </extension>
      <reference>
        <reference value="ValueSet/IMMZ.D1.DE10"/>
      </reference>
      <name value="IMMZ.D1.DE10 ValueSet for HIV Status"/>
      <description value="ValueSet for HIV Status for IMMZ.D1.DE10."/>
      <exampleBoolean value="false"/>
    </resource>
    <resource>
      <extension url="http://hl7.org/fhir/tools/StructureDefinition/resource-information">
        <valueString value="ValueSet"/>
      </extension>
      <reference>
        <reference value="ValueSet/IMMZ.D1.DE35"/>
      </reference>
      <name value="IMMZ.D1.DE35 ValueSet for Type of polio dose"/>
      <description value="ValueSet for Type of polio dose for IMMZ.D1.DE35."/>
      <exampleBoolean value="false"/>
    </resource>
    <resource>
      <extension url="http://hl7.org/fhir/tools/StructureDefinition/resource-information">
        <valueString value="ValueSet"/>
      </extension>
      <reference>
        <reference value="ValueSet/IMMZ.D1.DE52"/>
      </reference>
      <name value="IMMZ.D1.DE52 ValueSet for Type of last JE dose"/>
      <description value="ValueSet for Type of last JE dose for IMMZ.D1.DE52."/>
      <exampleBoolean value="false"/>
    </resource>
    <resource>
      <extension url="http://hl7.org/fhir/tools/StructureDefinition/resource-information">
        <valueString value="ValueSet"/>
      </extension>
      <reference>
        <reference value="ValueSet/IMMZ.D1.DE56"/>
      </reference>
      <name value="IMMZ.D1.DE56 ValueSet for Type of last TBE dose"/>
      <description value="ValueSet for Type of last TBE dose for IMMZ.D1.DE56."/>
      <exampleBoolean value="false"/>
    </resource>
    <resource>
      <extension url="http://hl7.org/fhir/tools/StructureDefinition/resource-information">
        <valueString value="ValueSet"/>
      </extension>
      <reference>
        <reference value="ValueSet/IMMZ.D1.DE61"/>
      </reference>
      <name value="IMMZ.D1.DE61 ValueSet for Type of last typhoid dose"/>
      <description value="ValueSet for Type of last typhoid dose for IMMZ.D1.DE61."/>
      <exampleBoolean value="false"/>
    </resource>
    <resource>
      <extension url="http://hl7.org/fhir/tools/StructureDefinition/resource-information">
        <valueString value="ValueSet"/>
      </extension>
      <reference>
        <reference value="ValueSet/IMMZ.D1.DE65"/>
      </reference>
      <name value="IMMZ.D1.DE65 ValueSet for Type of last cholera dose"/>
      <description value="ValueSet for Type of last cholera dose for IMMZ.D1.DE65."/>
      <exampleBoolean value="false"/>
    </resource>
    <resource>
      <extension url="http://hl7.org/fhir/tools/StructureDefinition/resource-information">
        <valueString value="ValueSet"/>
      </extension>
      <reference>
        <reference value="ValueSet/IMMZ.D1.DE68"/>
      </reference>
      <name value="IMMZ.D1.DE68 ValueSet for Type of last meningococcal dose"/>
      <description value="ValueSet for Type of last meningococcal dose for IMMZ.D1.DE68."/>
      <exampleBoolean value="false"/>
    </resource>
    <resource>
      <extension url="http://hl7.org/fhir/tools/StructureDefinition/resource-information">
        <valueString value="ValueSet"/>
      </extension>
      <reference>
        <reference value="ValueSet/IMMZ.D1.DE73"/>
      </reference>
      <name value="IMMZ.D1.DE73 ValueSet for Type of last hepatitis A dose"/>
      <description value="ValueSet for Type of last hepatitis A dose for IMMZ.D1.DE73."/>
      <exampleBoolean value="false"/>
    </resource>
    <resource>
      <extension url="http://hl7.org/fhir/tools/StructureDefinition/resource-information">
        <valueString value="ValueSet"/>
      </extension>
      <reference>
        <reference value="ValueSet/IMMZ.D1.DE84"/>
      </reference>
      <name value="IMMZ.D1.DE84 ValueSet for Type of TB infection test performed"/>
      <description value="ValueSet for Type of TB infection test performed for IMMZ.D1.DE84."/>
      <exampleBoolean value="false"/>
    </resource>
    <resource>
      <extension url="http://hl7.org/fhir/tools/StructureDefinition/resource-information">
        <valueString value="ValueSet"/>
      </extension>
      <reference>
        <reference value="ValueSet/IMMZ.D1.DE87"/>
      </reference>
      <name value="IMMZ.D1.DE87 ValueSet for TB infection test result"/>
      <description value="ValueSet for TB infection test result for IMMZ.D1.DE87."/>
      <exampleBoolean value="false"/>
    </resource>
    <resource>
      <extension url="http://hl7.org/fhir/tools/StructureDefinition/resource-information">
        <valueString value="PlanDefinition"/>
      </extension>
      <reference>
        <reference value="PlanDefinition/IMMZD2DTMeasles"/>
      </reference>
      <name value="IMMZ.D2.DT.Measles"/>
      <description value="If the child or patient has not been given MCV1 (at 9 months) and MCV2 (between 15-18 months) vaccination"/>
      <exampleBoolean value="false"/>
    </resource>
    <resource>
      <extension url="http://hl7.org/fhir/tools/StructureDefinition/resource-information">
        <valueString value="ActivityDefinition"/>
      </extension>
      <reference>
        <reference value="ActivityDefinition/IMMZD2DTMeaslesCIMR"/>
      </reference>
      <name value="IMMZ.D2.DT.Measles.Contraindication"/>
      <description value="Provide measles immunization"/>
      <exampleBoolean value="false"/>
    </resource>
    <resource>
      <extension url="http://hl7.org/fhir/tools/StructureDefinition/resource-information">
        <valueString value="PlanDefinition"/>
      </extension>
      <reference>
        <reference value="PlanDefinition/IMMZD2DTMeaslesCI"/>
      </reference>
      <name value="IMMZ.D2.DT.Measles.Contraindication"/>
      <description value="Check contraindications for Measles vaccine"/>
      <exampleBoolean value="false"/>
    </resource>
    <resource>
      <extension url="http://hl7.org/fhir/tools/StructureDefinition/resource-information">
        <valueString value="ActivityDefinition"/>
      </extension>
      <reference>
        <reference value="ActivityDefinition/IMMZD2DTMeaslesEval"/>
      </reference>
      <name value="IMMZ.D2.DT.Measles.Eval"/>
      <description value="Provide measles immunization"/>
      <exampleBoolean value="false"/>
    </resource>
    <resource>
      <extension url="http://hl7.org/fhir/tools/StructureDefinition/resource-information">
        <valueString value="ActivityDefinition"/>
      </extension>
      <reference>
        <reference value="ActivityDefinition/IMMZD2DTMeaslesMR"/>
      </reference>
      <name value="IMMZ.D2.DT.Measles.MR"/>
      <description value="Provide measles immunization"/>
      <exampleBoolean value="false"/>
      <groupingId value="-ka-activitydefinition"/>
    </resource>
    <resource>
      <extension url="http://hl7.org/fhir/tools/StructureDefinition/resource-information">
        <valueString value="StructureDefinition:logical"/>
      </extension>
      <reference>
        <reference value="StructureDefinition/IMMZD4CheckContraindicationsMeasles"/>
      </reference>
      <name value="IMMZ.D4 Check Contraindications for Measles"/>
      <description value="Data elements for the IMMZ.D4 Check Contraindications Data Dictionary for Measles."/>
      <exampleBoolean value="false"/>
    </resource>
    <resource>
      <extension url="http://hl7.org/fhir/tools/StructureDefinition/resource-information">
        <valueString value="CodeSystem"/>
      </extension>
      <reference>
        <reference value="CodeSystem/IMMZ.D4"/>
      </reference>
      <name value="IMMZ.D4 CodeSystem for Check Contraindications Data Elements"/>
      <description value="CodeSystem for IMMZ.D4 Check Contraindications Data Elements"/>
      <exampleBoolean value="false"/>
    </resource>
    <resource>
      <extension url="http://hl7.org/fhir/tools/StructureDefinition/resource-information">
        <valueString value="ValueSet"/>
      </extension>
      <reference>
        <reference value="ValueSet/IMMZ.D4.DE161"/>
      </reference>
      <name value="IMMZ.D4.DE161 ValueSet for Potential Contraindications"/>
      <description value="ValueSet for Potential Contraindications for IMMZ.D4.DE161."/>
      <exampleBoolean value="false"/>
    </resource>
    <resource>
      <extension url="http://hl7.org/fhir/tools/StructureDefinition/resource-information">
        <valueString value="PlanDefinition"/>
      </extension>
      <reference>
        <reference value="PlanDefinition/IMMZDTUmbrella"/>
      </reference>
      <name value="IMMZ.DT.Umbrella"/>
      <description value="If the child or patient has not been given MCV1 (at 9 months) and MCV2 (between 15-18 months) vaccination"/>
      <exampleBoolean value="false"/>
    </resource>
    <resource>
      <extension url="http://hl7.org/fhir/tools/StructureDefinition/resource-information">
        <valueString value="Library"/>
      </extension>
      <reference>
        <reference value="Library/IMMZCommon"/>
      </reference>
      <name value="IMMZCommon"/>
      <exampleBoolean value="false"/>
    </resource>
    <resource>
      <extension url="http://hl7.org/fhir/tools/StructureDefinition/resource-information">
        <valueString value="Library"/>
      </extension>
      <reference>
        <reference value="Library/IMMZCommonIzDataElements"/>
      </reference>
      <name value="IMMZCommonIzDataElements"/>
      <exampleBoolean value="false"/>
    </resource>
    <resource>
      <extension url="http://hl7.org/fhir/tools/StructureDefinition/resource-information">
        <valueString value="Library"/>
      </extension>
      <reference>
        <reference value="Library/IMMZConcepts"/>
      </reference>
      <name value="IMMZConcepts"/>
      <exampleBoolean value="false"/>
    </resource>
    <resource>
      <extension url="http://hl7.org/fhir/tools/StructureDefinition/resource-information">
        <valueString value="Library"/>
      </extension>
      <reference>
        <reference value="Library/IMMZConfig"/>
      </reference>
      <name value="IMMZConfig"/>
      <exampleBoolean value="false"/>
    </resource>
    <resource>
      <extension url="http://hl7.org/fhir/tools/StructureDefinition/resource-information">
        <valueString value="Library"/>
      </extension>
      <reference>
        <reference value="Library/IMMZD2DTMeasles"/>
      </reference>
      <name value="IMMZD2DTMeasles"/>
      <exampleBoolean value="false"/>
    </resource>
    <resource>
      <extension url="http://hl7.org/fhir/tools/StructureDefinition/resource-information">
        <valueString value="Measure"/>
      </extension>
      <reference>
        <reference value="Measure/IMMZIND05"/>
      </reference>
      <name value="IMMZIND05"/>
      <description value="IMMZ.IND.05 Measles indicator for first dose."/>
      <exampleBoolean value="true"/>
    </resource>
    <resource>
      <extension url="http://hl7.org/fhir/tools/StructureDefinition/resource-information">
        <valueString value="Measure"/>
      </extension>
      <reference>
        <reference value="Measure/IMMZIND40"/>
      </reference>
      <name value="IMMZIND40"/>
      <description value="IMMZ.IND.40 Measles indicator for second dose."/>
      <exampleBoolean value="true"/>
    </resource>
    <resource>
      <extension url="http://hl7.org/fhir/tools/StructureDefinition/resource-information">
        <valueString value="Library"/>
      </extension>
      <reference>
        <reference value="Library/IMMZIndicatorCommon"/>
      </reference>
      <name value="IMMZIndicatorCommon"/>
      <exampleBoolean value="false"/>
    </resource>
    <resource>
      <extension url="http://hl7.org/fhir/tools/StructureDefinition/resource-information">
        <valueString value="Library"/>
      </extension>
      <reference>
        <reference value="Library/IMMZINDMeasles"/>
      </reference>
      <name value="IMMZINDMeasles"/>
      <exampleBoolean value="false"/>
    </resource>
    <resource>
      <extension url="http://hl7.org/fhir/tools/StructureDefinition/resource-information">
        <valueString value="Library"/>
      </extension>
      <reference>
        <reference value="Library/IMMZVaccineLibrary"/>
      </reference>
      <name value="IMMZVaccineLibrary"/>
      <exampleBoolean value="false"/>
    </resource>
    <resource>
      <extension url="http://hl7.org/fhir/tools/StructureDefinition/resource-information">
        <valueString value="StructureDefinition:extension"/>
      </extension>
      <reference>
        <reference value="StructureDefinition/insurance"/>
      </reference>
      <name value="Insurance coverage"/>
      <description value="Does the client have insurance coverage?"/>
      <exampleBoolean value="false"/>
    </resource>
    <resource>
      <extension url="http://hl7.org/fhir/tools/StructureDefinition/resource-information">
        <valueString value="ValueSet"/>
      </extension>
      <reference>
        <reference value="ValueSet/marital-status-values"/>
      </reference>
      <name value="Marital Status values"/>
      <description value="Codes representing possible values for the Marital Status element"/>
      <exampleBoolean value="false"/>
    </resource>
    <resource>
      <extension url="http://hl7.org/fhir/tools/StructureDefinition/resource-information">
        <valueString value="ValueSet"/>
      </extension>
      <reference>
        <reference value="ValueSet/IMMZ.A1.DE9"/>
      </reference>
      <name value="Measles"/>
      <exampleBoolean value="false"/>
    </resource>
    <resource>
      <extension url="http://hl7.org/fhir/tools/StructureDefinition/resource-information">
        <valueString value="ValueSet"/>
      </extension>
      <reference>
        <reference value="ValueSet/medicationbirthcontrolmethods-values"/>
      </reference>
      <name value="Medication-based Birth control method reported at intake values"/>
      <description value="Codes representing possible values for the Medication-based Birth control method reported at intake element"/>
      <exampleBoolean value="false"/>
    </resource>
    <resource>
      <extension url="http://hl7.org/fhir/tools/StructureDefinition/resource-information">
        <valueString value="StructureDefinition:extension"/>
      </extension>
      <reference>
        <reference value="StructureDefinition/stage"/>
      </reference>
      <name value="Miscarriage or abortion stage of pregnancy"/>
      <description value="If the woman recently had a miscarriage or abortion, when in the pregnancy the abortion took place."/>
      <exampleBoolean value="false"/>
    </resource>
    <resource>
      <extension url="http://hl7.org/fhir/tools/StructureDefinition/resource-information">
        <valueString value="ValueSet"/>
      </extension>
      <reference>
        <reference value="ValueSet/miscarriage-or-abortion-stage-of-pregnancy-values"/>
      </reference>
      <name value="Miscarriage or abortion stage of pregnancy values"/>
      <description value="Codes representing possible values for the Miscarriage or abortion stage of pregnancy element"/>
      <exampleBoolean value="false"/>
    </resource>
    <resource>
      <extension url="http://hl7.org/fhir/tools/StructureDefinition/resource-information">
        <valueString value="ValueSet"/>
      </extension>
      <reference>
        <reference value="ValueSet/miscarriage-or-abortion-values"/>
      </reference>
      <name value="Miscarriage or Abortion values"/>
      <description value="Codes representing possible values for the Miscarriage or Abortion element"/>
      <exampleBoolean value="false"/>
    </resource>
    <resource>
      <extension url="http://hl7.org/fhir/tools/StructureDefinition/resource-information">
        <valueString value="ValueSet"/>
      </extension>
      <reference>
        <reference value="ValueSet/Negativetestresult-values"/>
      </reference>
      <name value="Negative Test Results"/>
      <description value="Codes representing negative test result values"/>
      <exampleBoolean value="false"/>
    </resource>
    <resource>
      <extension url="http://hl7.org/fhir/tools/StructureDefinition/resource-information">
        <valueString value="StructureDefinition:extension"/>
      </extension>
      <reference>
        <reference value="StructureDefinition/occupation"/>
      </reference>
      <name value="Occupation"/>
      <exampleBoolean value="false"/>
    </resource>
    <resource>
      <extension url="http://hl7.org/fhir/tools/StructureDefinition/resource-information">
        <valueString value="ValueSet"/>
      </extension>
      <reference>
        <reference value="ValueSet/occupation-values"/>
      </reference>
      <name value="Occupation values"/>
      <description value="Codes representing possible values for the Occupation element"/>
      <exampleBoolean value="false"/>
    </resource>
    <resource>
      <extension url="http://hl7.org/fhir/tools/StructureDefinition/resource-information">
        <valueString value="Patient"/>
      </extension>
      <reference>
        <reference value="Patient/P123456"/>
      </reference>
      <name value="patient123456"/>
      <exampleBoolean value="true"/>
    </resource>
    <resource>
      <extension url="http://hl7.org/fhir/tools/StructureDefinition/resource-information">
        <valueString value="StructureDefinition:extension"/>
      </extension>
      <reference>
        <reference value="StructureDefinition/method"/>
      </reference>
      <name value="Payment method"/>
      <exampleBoolean value="false"/>
    </resource>
    <resource>
      <extension url="http://hl7.org/fhir/tools/StructureDefinition/resource-information">
        <valueString value="ValueSet"/>
      </extension>
      <reference>
        <reference value="ValueSet/payment-method-values"/>
      </reference>
      <name value="Payment method values"/>
      <description value="Codes representing possible values for the Payment method element"/>
      <exampleBoolean value="false"/>
    </resource>
    <resource>
      <extension url="http://hl7.org/fhir/tools/StructureDefinition/resource-information">
        <valueString value="ValueSet"/>
      </extension>
      <reference>
        <reference value="ValueSet/PositiveTestResult-values"/>
      </reference>
      <name value="Positive Test Result valuest"/>
      <description value="Codes representing Positive Test Result values"/>
      <exampleBoolean value="false"/>
    </resource>
    <resource>
      <extension url="http://hl7.org/fhir/tools/StructureDefinition/resource-information">
        <valueString value="ValueSet"/>
      </extension>
      <reference>
        <reference value="ValueSet/pregnancystatuspregnant-values"/>
      </reference>
      <name value="Pregnancy status pregnant values"/>
      <description value="Codes representing possible values for the Pregnancy status as pregnant"/>
      <exampleBoolean value="false"/>
    </resource>
    <resource>
      <extension url="http://hl7.org/fhir/tools/StructureDefinition/resource-information">
        <valueString value="ValueSet"/>
      </extension>
      <reference>
        <reference value="ValueSet/pregnancystatus-values"/>
      </reference>
      <name value="Pregnancy status values"/>
      <description value="Codes representing possible values for the Pregnancy status element"/>
      <exampleBoolean value="false"/>
    </resource>
    <resource>
      <extension url="http://hl7.org/fhir/tools/StructureDefinition/resource-information">
        <valueString value="ValueSet"/>
      </extension>
      <reference>
        <reference value="ValueSet/careplanbirthcontrolmethods-values"/>
      </reference>
      <name value="Prior contraceptive methods used - CarePlan-based values"/>
      <description value="Codes representing possible values for the Prior contraceptive methods used - CarePlan-based element"/>
      <exampleBoolean value="false"/>
    </resource>
    <resource>
      <extension url="http://hl7.org/fhir/tools/StructureDefinition/resource-information">
        <valueString value="ValueSet"/>
      </extension>
      <reference>
        <reference value="ValueSet/procedurebirthcontrolmethods-values"/>
      </reference>
      <name value="Prior contraceptive methods used - Procedure-based values"/>
      <description value="Codes representing possible values for the Prior contraceptive methods used - Procedure-based element"/>
      <exampleBoolean value="false"/>
    </resource>
    <resource>
      <extension url="http://hl7.org/fhir/tools/StructureDefinition/resource-information">
        <valueString value="ValueSet"/>
      </extension>
      <reference>
        <reference value="ValueSet/nobirthcontrolmethod-values"/>
      </reference>
      <name value="Reason for no contraceptive method - Reported at intake values"/>
      <description value="Codes representing possible values for the Reason for no contraceptive method - Reported at intake element"/>
      <exampleBoolean value="false"/>
    </resource>
    <resource>
      <extension url="http://hl7.org/fhir/tools/StructureDefinition/resource-information">
        <valueString value="ValueSet"/>
      </extension>
      <reference>
        <reference value="ValueSet/reason-for-referral-values"/>
      </reference>
      <name value="Reason for referral values"/>
      <description value="Codes representing possible values for the Reason for referral element"/>
      <exampleBoolean value="false"/>
    </resource>
    <resource>
      <extension url="http://hl7.org/fhir/tools/StructureDefinition/resource-information">
        <valueString value="StructureDefinition:extension"/>
      </extension>
      <reference>
        <reference value="StructureDefinition/requestertype"/>
      </reference>
      <name value="Referred by"/>
      <description value="How the client was referred"/>
      <exampleBoolean value="false"/>
    </resource>
    <resource>
      <extension url="http://hl7.org/fhir/tools/StructureDefinition/resource-information">
        <valueString value="ValueSet"/>
      </extension>
      <reference>
        <reference value="ValueSet/referred-by-values"/>
      </reference>
      <name value="Referred by values"/>
      <description value="Codes representing possible values for the Referred by element"/>
      <exampleBoolean value="false"/>
    </resource>
    <resource>
      <extension url="http://hl7.org/fhir/tools/StructureDefinition/resource-information">
        <valueString value="StructureDefinition:extension"/>
      </extension>
      <reference>
        <reference value="StructureDefinition/reminder"/>
      </reference>
      <name value="Reminder messages"/>
      <description value="Whether client wants to receive text or other messages as follow-up for family planning"/>
      <exampleBoolean value="false"/>
    </resource>
    <resource>
      <extension url="http://hl7.org/fhir/tools/StructureDefinition/resource-information">
        <valueString value="ValueSet"/>
      </extension>
      <reference>
        <reference value="ValueSet/LiveAttenuatedVaccines"/>
      </reference>
      <name value="Set of live attenuated vaccines"/>
      <description value="Codes representing live attenuated vaccines"/>
      <exampleBoolean value="false"/>
    </resource>
    <resource>
      <extension url="http://hl7.org/fhir/tools/StructureDefinition/resource-information">
        <valueString value="ValueSet"/>
      </extension>
      <reference>
        <reference value="ValueSet/adverse-event-type"/>
      </reference>
      <name value="SNOMED CT Clinical Findings"/>
      <description value="This value set includes all SNOMED CT Clinical Findings."/>
      <exampleBoolean value="false"/>
    </resource>
    <resource>
      <extension url="http://hl7.org/fhir/tools/StructureDefinition/resource-information">
        <valueString value="ValueSet"/>
      </extension>
      <reference>
        <reference value="ValueSet/sti-risk-assessment-factors-values"/>
      </reference>
      <name value="STI risk assessment factors values"/>
      <description value="Codes representing possible values for the STI risk assessment factors element"/>
      <exampleBoolean value="false"/>
    </resource>
    <resource>
      <extension url="http://hl7.org/fhir/tools/StructureDefinition/resource-information">
        <valueString value="ValueSet"/>
      </extension>
      <reference>
        <reference value="ValueSet/visit-type-values"/>
      </reference>
      <name value="Visit type values"/>
      <description value="Codes representing possible values for the Visit type element"/>
      <exampleBoolean value="false"/>
    </resource>
    <resource>
      <extension url="http://hl7.org/fhir/tools/StructureDefinition/resource-information">
        <valueString value="ValueSet"/>
      </extension>
      <reference>
        <reference value="ValueSet/whoatc-uv-ips"/>
      </reference>
      <name value="WHO ATC - IPS"/>
      <description value="World Health Organization Anatomical Therapeutic Chemical (ATC) classification system.  Note: The currently implemented code system and the value set expansion contain only a set of example ATC codes, not the complete code system content."/>
      <exampleBoolean value="false"/>
    </resource>
    <resource>
      <extension url="http://hl7.org/fhir/tools/StructureDefinition/resource-information">
        <valueString value="CodeSystem"/>
      </extension>
      <reference>
        <reference value="CodeSystem/extended-content-codes"/>
      </reference>
      <name value="WHO Extended Codes CodeSystem codes"/>
      <description value="Set of codes identified as being needed but not found in existing Code Systems"/>
      <exampleBoolean value="false"/>
    </resource>
    <resource>
      <extension url="http://hl7.org/fhir/tools/StructureDefinition/resource-information">
        <valueString value="Library"/>
      </extension>
      <reference>
        <reference value="Library/WHOCommon"/>
      </reference>
      <name value="WHOCommon"/>
      <exampleBoolean value="false"/>
    </resource>
    <resource>
      <extension url="http://hl7.org/fhir/tools/StructureDefinition/resource-information">
        <valueString value="Library"/>
      </extension>
      <reference>
        <reference value="Library/WHOConcepts"/>
      </reference>
      <name value="WHOConcepts"/>
      <exampleBoolean value="false"/>
    </resource>
    <resource>
      <extension url="http://hl7.org/fhir/tools/StructureDefinition/resource-information">
        <valueString value="StructureMap"/>
      </extension>
      <reference>
        <reference value="StructureMap/IMMZCLMToPatient"/>
      </reference>
    </resource>
    <resource>
      <extension url="http://hl7.org/fhir/tools/StructureDefinition/resource-information">
        <valueString value="StructureMap"/>
      </extension>
      <reference>
        <reference value="StructureMap/IMMZCQRToLM"/>
      </reference>
    </resource>
    <resource>
      <extension url="http://hl7.org/fhir/tools/StructureDefinition/resource-information">
        <valueString value="StructureMap"/>
      </extension>
      <reference>
        <reference value="StructureMap/IMMZCQRToPatient"/>
      </reference>
    </resource>
    <resource>
      <extension url="http://hl7.org/fhir/tools/StructureDefinition/resource-information">
        <valueString value="StructureMap"/>
      </extension>
      <reference>
        <reference value="StructureMap/IMMZD4LMToResources"/>
      </reference>
    </resource>
    <resource>
      <extension url="http://hl7.org/fhir/tools/StructureDefinition/resource-information">
        <valueString value="StructureMap"/>
      </extension>
      <reference>
        <reference value="StructureMap/IMMZD4QRToLM"/>
      </reference>
    </resource>
    <resource>
      <extension url="http://hl7.org/fhir/tools/StructureDefinition/resource-information">
        <valueString value="StructureMap"/>
      </extension>
      <reference>
        <reference value="StructureMap/IMMZD4QRToResources"/>
      </reference>
    </resource>
    <page>
      <extension url="http://hl7.org/fhir/tools/StructureDefinition/ig-page-name">
        <valueUrl value="toc.html"/>
      </extension>
      <nameUrl value="toc.html"/>
      <title value="Table of Contents"/>
      <generation value="html"/>
      <page>
        <extension url="http://hl7.org/fhir/tools/StructureDefinition/ig-page-name">
          <valueUrl value="index.html"/>
        </extension>
        <nameUrl value="index.html"/>
        <title value="Home"/>
        <generation value="markdown"/>
        <page>
          <extension url="http://hl7.org/fhir/tools/StructureDefinition/ig-page-name">
            <valueUrl value="changes.html"/>
          </extension>
          <nameUrl value="changes.html"/>
          <title value="Changes"/>
          <generation value="markdown"/>
        </page>
        <page>
          <extension url="http://hl7.org/fhir/tools/StructureDefinition/ig-page-name">
            <valueUrl value="dependencies.html"/>
          </extension>
          <nameUrl value="dependencies.html"/>
          <title value="Dependencies"/>
          <generation value="markdown"/>
        </page>
        <page>
          <extension url="http://hl7.org/fhir/tools/StructureDefinition/ig-page-name">
            <valueUrl value="references.html"/>
          </extension>
          <nameUrl value="references.html"/>
          <title value="References"/>
          <generation value="markdown"/>
        </page>
        <page>
          <extension url="http://hl7.org/fhir/tools/StructureDefinition/ig-page-name">
            <valueUrl value="adapting.html"/>
          </extension>
          <nameUrl value="adapting.html"/>
          <title value="Adapting Guidelines for Country use"/>
          <generation value="markdown"/>
        </page>
      </page>
      <page>
        <extension url="http://hl7.org/fhir/tools/StructureDefinition/ig-page-name">
          <valueUrl value="business-requirements.html"/>
        </extension>
        <nameUrl value="business-requirements.html"/>
        <title value="Business Requirements"/>
        <generation value="markdown"/>
        <page>
          <extension url="http://hl7.org/fhir/tools/StructureDefinition/ig-page-name">
            <valueUrl value="concepts.html"/>
          </extension>
          <nameUrl value="concepts.html"/>
          <title value="Concepts"/>
          <generation value="markdown"/>
        </page>
        <page>
          <extension url="http://hl7.org/fhir/tools/StructureDefinition/ig-page-name">
            <valueUrl value="personas.html"/>
          </extension>
          <nameUrl value="personas.html"/>
          <title value="Generic Personas"/>
          <generation value="markdown"/>
        </page>
        <page>
          <extension url="http://hl7.org/fhir/tools/StructureDefinition/ig-page-name">
            <valueUrl value="scenarios.html"/>
          </extension>
          <nameUrl value="scenarios.html"/>
          <title value="User Scenarios"/>
          <generation value="markdown"/>
        </page>
        <page>
          <extension url="http://hl7.org/fhir/tools/StructureDefinition/ig-page-name">
            <valueUrl value="business-processes.html"/>
          </extension>
          <nameUrl value="business-processes.html"/>
          <title value="Business Processes"/>
          <generation value="markdown"/>
        </page>
        <page>
          <extension url="http://hl7.org/fhir/tools/StructureDefinition/ig-page-name">
            <valueUrl value="dictionary.html"/>
          </extension>
          <nameUrl value="dictionary.html"/>
          <title value="Data Dictionary"/>
          <generation value="markdown"/>
        </page>
        <page>
          <extension url="http://hl7.org/fhir/tools/StructureDefinition/ig-page-name">
            <valueUrl value="decision-logic.html"/>
          </extension>
          <nameUrl value="decision-logic.html"/>
          <title value="Decision-support logic"/>
          <generation value="markdown"/>
        </page>
        <page>
          <extension url="http://hl7.org/fhir/tools/StructureDefinition/ig-page-name">
            <valueUrl value="indicators.html"/>
          </extension>
          <nameUrl value="indicators.html"/>
          <title value="Indicator and Performance Metrics"/>
          <generation value="markdown"/>
        </page>
        <page>
          <extension url="http://hl7.org/fhir/tools/StructureDefinition/ig-page-name">
            <valueUrl value="functional-requirements.html"/>
          </extension>
          <nameUrl value="functional-requirements.html"/>
          <title value="Functional Requirements"/>
          <generation value="markdown"/>
        </page>
        <page>
          <extension url="http://hl7.org/fhir/tools/StructureDefinition/ig-page-name">
            <valueUrl value="non-functional-requirements.html"/>
          </extension>
          <nameUrl value="non-functional-requirements.html"/>
          <title value="Non-functional Requirements"/>
          <generation value="markdown"/>
        </page>
      </page>
      <page>
        <extension url="http://hl7.org/fhir/tools/StructureDefinition/ig-page-name">
          <valueUrl value="data-models-and-exchange.html"/>
        </extension>
        <nameUrl value="data-models-and-exchange.html"/>
        <title value="Data Models and Exchange"/>
        <generation value="markdown"/>
        <page>
          <extension url="http://hl7.org/fhir/tools/StructureDefinition/ig-page-name">
            <valueUrl value="system-actors.html"/>
          </extension>
          <nameUrl value="system-actors.html"/>
          <title value="System Actors"/>
          <generation value="markdown"/>
        </page>
        <page>
          <extension url="http://hl7.org/fhir/tools/StructureDefinition/ig-page-name">
            <valueUrl value="sequence-diagrams.html"/>
          </extension>
          <nameUrl value="sequence-diagrams.html"/>
          <title value="Sequence Diagrams"/>
          <generation value="markdown"/>
        </page>
        <page>
          <extension url="http://hl7.org/fhir/tools/StructureDefinition/ig-page-name">
            <valueUrl value="transactions.html"/>
          </extension>
          <nameUrl value="transactions.html"/>
          <title value="Transactions"/>
          <generation value="markdown"/>
        </page>
        <page>
          <extension url="http://hl7.org/fhir/tools/StructureDefinition/ig-page-name">
            <valueUrl value="indicators-measures.html"/>
          </extension>
          <nameUrl value="indicators-measures.html"/>
          <title value="Indicators and Measures"/>
          <generation value="markdown"/>
        </page>
        <page>
          <extension url="http://hl7.org/fhir/tools/StructureDefinition/ig-page-name">
            <valueUrl value="codings.html"/>
          </extension>
          <nameUrl value="codings.html"/>
          <title value="Codings"/>
          <generation value="html"/>
        </page>
      </page>
      <page>
        <extension url="http://hl7.org/fhir/tools/StructureDefinition/ig-page-name">
          <valueUrl value="deployment.html"/>
        </extension>
        <nameUrl value="deployment.html"/>
        <title value="Deployment"/>
        <generation value="markdown"/>
        <page>
          <extension url="http://hl7.org/fhir/tools/StructureDefinition/ig-page-name">
            <valueUrl value="security-privacy.html"/>
          </extension>
          <nameUrl value="security-privacy.html"/>
          <title value="Security and Privacy Considerations"/>
          <generation value="markdown"/>
        </page>
        <page>
          <extension url="http://hl7.org/fhir/tools/StructureDefinition/ig-page-name">
            <valueUrl value="testing.html"/>
          </extension>
          <nameUrl value="testing.html"/>
          <title value="Testing"/>
          <generation value="markdown"/>
        </page>
        <page>
          <extension url="http://hl7.org/fhir/tools/StructureDefinition/ig-page-name">
            <valueUrl value="test-data.html"/>
          </extension>
          <nameUrl value="test-data.html"/>
          <title value="Test Data"/>
          <generation value="markdown"/>
        </page>
        <page>
          <extension url="http://hl7.org/fhir/tools/StructureDefinition/ig-page-name">
            <valueUrl value="reference-implementations.html"/>
          </extension>
          <nameUrl value="reference-implementations.html"/>
          <title value="Reference Implementations"/>
          <generation value="markdown"/>
        </page>
        <page>
          <extension url="http://hl7.org/fhir/tools/StructureDefinition/ig-page-name">
            <valueUrl value="downloads.html"/>
          </extension>
          <nameUrl value="downloads.html"/>
          <title value="Downloads"/>
          <generation value="markdown"/>
        </page>
      </page>
    </page>
    <parameter>
      <code value="path-pages"/>
      <value value="input/page-content"/>
    </parameter>
    <parameter>
      <code value="path-resource"/>
      <value value="input/resources/activitydefinition"/>
    </parameter>
    <parameter>
      <code value="path-resource"/>
      <value value="input/resources/capabilitystatement"/>
    </parameter>
    <parameter>
      <code value="path-resource"/>
      <value value="input/resources/library"/>
    </parameter>
    <parameter>
      <code value="path-resource"/>
      <value value="input/resources/measure"/>
    </parameter>
    <parameter>
      <code value="path-resource"/>
      <value value="input/resources/plandefinition"/>
    </parameter>
    <parameter>
      <code value="path-resource"/>
      <value value="input/resources/questionnaire"/>
    </parameter>
    <parameter>
      <code value="path-resource"/>
      <value value="input/resources/structuremap"/>
    </parameter>
    <parameter>
      <code value="path-resource"/>
      <value value="input/vocabulary/codesystem"/>
    </parameter>
    <parameter>
      <code value="path-resource"/>
      <value value="input/vocabulary/valueset"/>
    </parameter>
    <parameter>
      <code value="path-resource"/>
      <value value="input/resources/device"/>
    </parameter>
    <parameter>
      <code value="path-resource"/>
      <value value="input/vocabulary/valueset/cqf_valuesets"/>
    </parameter>
    <parameter>
      <code value="path-resource"/>
      <value value="input/vocabulary/valueset/anc_valuesets"/>
    </parameter>
    <parameter>
      <code value="path-resource"/>
      <value value="input/vocabulary/valueset/existing_WHO"/>
    </parameter>
    <parameter>
      <code value="path-resource"/>
      <value value="input/vocabulary/valueset/immunization_valuesets"/>
    </parameter>
    <parameter>
      <code value="path-resource"/>
      <value value="input/maps"/>
    </parameter>
    <parameter>
      <code value="generate-xml"/>
      <value value="true"/>
    </parameter>
    <parameter>
      <code value="path-resource"/>
      <value value="input/capabilities"/>
    </parameter>
    <parameter>
      <code value="path-resource"/>
      <value value="input/examples"/>
    </parameter>
    <parameter>
      <code value="path-resource"/>
      <value value="input/extensions"/>
    </parameter>
    <parameter>
      <code value="path-resource"/>
      <value value="input/models"/>
    </parameter>
    <parameter>
      <code value="path-resource"/>
      <value value="input/operations"/>
    </parameter>
    <parameter>
      <code value="path-resource"/>
      <value value="input/profiles"/>
    </parameter>
    <parameter>
      <code value="path-resource"/>
      <value value="input/resources"/>
    </parameter>
    <parameter>
      <code value="path-resource"/>
      <value value="input/vocabulary"/>
    </parameter>
    <parameter>
      <code value="path-resource"/>
      <value value="input/testing"/>
    </parameter>
    <parameter>
      <code value="path-resource"/>
      <value value="input/history"/>
    </parameter>
    <parameter>
      <code value="path-resource"/>
      <value value="fsh-generated/resources"/>
    </parameter>
    <parameter>
      <code value="path-pages"/>
      <value value="template/config"/>
    </parameter>
    <parameter>
      <code value="path-pages"/>
      <value value="input/images"/>
    </parameter>
    <parameter>
      <code value="path-tx-cache"/>
      <value value="input-cache/txcache"/>
    </parameter>
  </definition>
</ImplementationGuide>