<?xml version="1.0" encoding="UTF-8"?>

<ValueSet xmlns="http://hl7.org/fhir">
  <id value="active-condition"/>
  <meta>
    <profile value="http://hl7.org/fhir/uv/cpg/StructureDefinition/cpg-publishablevalueset"/>
  </meta>
  <text>
    <status value="extensions"/><div xmlns="http://www.w3.org/1999/xhtml"><ul><li>Include these codes as defined in <a href="http://terminology.hl7.org/2.1.0/CodeSystem-condition-clinical.html"><code>http://terminology.hl7.org/CodeSystem/condition-clinical</code></a><table class="none"><tr><td style="white-space:nowrap"><b>Code</b></td><td><b>Display</b></td><td><b>Definition</b></td></tr><tr><td><a href="http://terminology.hl7.org/2.1.0/CodeSystem-condition-clinical.html#condition-clinical-active">active</a></td><td>Active</td><td>The subject is currently experiencing the condition or situation, there is evidence of the condition or situation, or considered to be a significant risk.</td></tr><tr><td><a href="http://terminology.hl7.org/2.1.0/CodeSystem-condition-clinical.html#condition-clinical-recurrence">recurrence</a></td><td>Recurrence</td><td>The subject is experiencing a reoccurence or repeating of a previously resolved condition or situation, e.g. urinary tract infection, food insecurity.</td></tr><tr><td><a href="http://terminology.hl7.org/2.1.0/CodeSystem-condition-clinical.html#condition-clinical-relapse">relapse</a></td><td>Relapse</td><td>The subject is experiencing a return of a condition or situation after a period of improvement or remission, e.g. relapse of cancer, alcoholism.</td></tr></table></li></ul></div>
  </text>
  <extension url="http://hl7.org/fhir/uv/cpg/StructureDefinition/cpg-knowledgeCapability">
    <valueCode value="shareable"/>
  </extension>
  <extension url="http://hl7.org/fhir/uv/cpg/StructureDefinition/cpg-knowledgeCapability">
    <valueCode value="computable"/>
  </extension>
  <extension url="http://hl7.org/fhir/uv/cpg/StructureDefinition/cpg-knowledgeCapability">
    <valueCode value="publishable"/>
  </extension>
  <extension url="http://hl7.org/fhir/uv/cpg/StructureDefinition/cpg-knowledgeRepresentationLevel">
    <valueCode value="structured"/>
  </extension>
  <extension url="http://hl7.org/fhir/StructureDefinition/valueset-author">
    <valueContactDetail>
      <name value="Bryn Rhodes"/>
    </valueContactDetail>
  </extension>
  <url value="http://fhir.org/guides/cqf/common/ValueSet/active-condition"/>
  <version value="0.1.0"/>
  <name value="CQFActiveCondition"/>
  <title value="CQF Active Condition"/>
  <status value="active"/>
  <experimental value="false"/>
  <date value="2019-07-21"/>
  <publisher value="World Health Organization (WHO)"/>
  <contact>
    <name value="World Health Organization (WHO)"/>
    <telecom>
      <system value="url"/>
      <value value="https://www.who.int"/>
    </telecom>
  </contact>
  <description value="Active condition clinical status codes"/>
  <jurisdiction>
    <coding>
      <system value="http://unstats.un.org/unsd/methods/m49/m49.htm"/>
      <code value="001"/>
    </coding>
  </jurisdiction>
  <purpose value="Used to specify the set of clinical status codes that are considered active"/>
  <copyright value="© Alphora 2019+"/>
  <compose>
    <include>
      <system value="http://terminology.hl7.org/CodeSystem/condition-clinical"/>
      <concept>
        <code value="active"/>
        <display value="Active"/>
      </concept>
      <concept>
        <code value="recurrence"/>
        <display value="Recurrence"/>
      </concept>
      <concept>
        <code value="relapse"/>
        <display value="Relapse"/>
      </concept>
    </include>
  </compose>
</ValueSet>