<?xml version="1.0" encoding="UTF-8"?>

<ActivityDefinition xmlns="http://hl7.org/fhir">
  <id value="IMMZ.DT.10.HPV.01"/>
  <meta>
    <profile value="http://hl7.org/fhir/uv/cpg/StructureDefinition/cpg-immunizationactivity"/>
  </meta>
  <text>
    <status value="generated"/><div xmlns="http://www.w3.org/1999/xhtml"><p><b>Generated Narrative: ActivityDefinition</b><a name="IMMZ.DT.10.HPV.01"> </a></p><div style="display: inline-block; background-color: #d9e0e7; padding: 6px; margin: 4px; border: 1px solid #8da1b4; border-radius: 5px; line-height: 60%"><p style="margin-bottom: 0px">Resource ActivityDefinition &quot;IMMZ.DT.10.HPV.01&quot; </p><p style="margin-bottom: 0px">Profile: <code>http://hl7.org/fhir/uv/cpg/StructureDefinition/cpg-immunizationactivity</code></p></div><p><b>url</b>: <code>http://fhir.org/guides/who/smart-immunization/ActivityDefinition/IMMZ.DT.10.HPV.01</code></p><p><b>version</b>: 0.1.0</p><p><b>title</b>: IMMZ.DT.10.HPV.01</p><p><b>status</b>: draft</p><p><b>experimental</b>: true</p><p><b>date</b>: 2022-05-06 12:05:48-0400</p><p><b>publisher</b>: World Health Organization (WHO)</p><p><b>contact</b>: <a href="https://who.int">https://who.int</a></p><p><b>description</b>: Provide HPV immunizations - using the &quot;HPV vaccine immunization - NO PREVIOUS&quot; schedule (2 dose scheme)</p><p><b>jurisdiction</b>: Global (Whole world) <span style="background: LightGoldenRodYellow; margin: 4px; border: 1px solid khaki"> (m49.htm#001)</span></p><p><b>kind</b>: ImmunizationRecommendation</p><p><b>code</b>: Administration of vaccine to produce active immunity <span style="background: LightGoldenRodYellow; margin: 4px; border: 1px solid khaki"> (<a href="https://browser.ihtsdotools.org/">SNOMED CT</a>#33879002)</span></p><p><b>intent</b>: proposal</p><p><b>doNotPerform</b>: false</p><blockquote><p><b>dynamicValue</b></p><p><b>path</b>: recommendation.targetDisease</p><h3>Expressions</h3><table class="grid"><tr><td>-</td><td><b>Language</b></td><td><b>Expression</b></td></tr><tr><td>*</td><td>text/cql</td><td>Code { system: 'http://id.who.int/icd/release/11/mms', code: 'XN8JY', display: 'Human papillomavirus' }</td></tr></table></blockquote><blockquote><p><b>dynamicValue</b></p><p><b>path</b>: recommendation.seriesDoses</p><h3>Expressions</h3><table class="grid"><tr><td>-</td><td><b>Description</b></td><td><b>Language</b></td><td><b>Expression</b></td></tr><tr><td>*</td><td>The number of doses in this series.</td><td>text/cql</td><td>Number of Required HPV Doses</td></tr></table></blockquote><blockquote><p><b>dynamicValue</b></p><p><b>path</b>: recommendation.doseNumber</p><h3>Expressions</h3><table class="grid"><tr><td>-</td><td><b>Description</b></td><td><b>Language</b></td><td><b>Expression</b></td></tr><tr><td>*</td><td>The dose number being given.</td><td>text/cql</td><td>HPV Next Dose Number</td></tr></table></blockquote><blockquote><p><b>dynamicValue</b></p><p><b>path</b>: recommendation.forecastStatus</p><h3>Expressions</h3><table class="grid"><tr><td>-</td><td><b>Language</b></td><td><b>Expression</b></td></tr><tr><td>*</td><td>text/cql</td><td>Code { system: 'http://terminology.hl7.org/CodeSystem/immunization-recommendation-status', code: 'due' }</td></tr></table></blockquote><blockquote><p><b>dynamicValue</b></p><p><b>path</b>: recommendation.dateCriterion[0].value</p><h3>Expressions</h3><table class="grid"><tr><td>-</td><td><b>Description</b></td><td><b>Language</b></td><td><b>Expression</b></td></tr><tr><td>*</td><td>Due date of the dose</td><td>text/cql</td><td>Schedule Due Date for HPV dose</td></tr></table></blockquote><blockquote><p><b>dynamicValue</b></p><p><b>path</b>: recommendation.dateCriterion[0].code</p><h3>Expressions</h3><table class="grid"><tr><td>-</td><td><b>Description</b></td><td><b>Language</b></td><td><b>Expression</b></td></tr><tr><td>*</td><td>Date vaccine due</td><td>text/cql</td><td>Code { system: 'http://loinc.org', code: '30980-7' }</td></tr></table></blockquote><blockquote><p><b>dynamicValue</b></p><p><b>path</b>: recommendation.dateCriterion[1].value</p><h3>Expressions</h3><table class="grid"><tr><td>-</td><td><b>Description</b></td><td><b>Language</b></td><td><b>Expression</b></td></tr><tr><td>*</td><td>Overdue date for HPV dose</td><td>text/cql</td><td>Overdue Date for HPV dose</td></tr></table></blockquote><blockquote><p><b>dynamicValue</b></p><p><b>path</b>: recommendation.dateCriterion[1].code</p><h3>Expressions</h3><table class="grid"><tr><td>-</td><td><b>Description</b></td><td><b>Language</b></td><td><b>Expression</b></td></tr><tr><td>*</td><td>Date when overdue for immunization</td><td>text/cql</td><td>Code { system: 'http://loinc.org', code: '59778-1' }</td></tr></table></blockquote></div>
  </text>
  <url value="http://fhir.org/guides/who/smart-immunization/ActivityDefinition/IMMZ.DT.10.HPV.01"/>
  <version value="0.1.0"/>
  <title value="IMMZ.DT.10.HPV.01"/>
  <status value="draft"/>
  <experimental value="true"/>
  <date value="2022-05-06T12:05:48.5107325-04:00"/>
  <publisher value="World Health Organization (WHO)"/>
  <contact>
    <telecom>
      <system value="url"/>
      <value value="https://who.int"/>
    </telecom>
  </contact>
  <description value="Provide HPV immunizations - using the &quot;HPV vaccine immunization - NO PREVIOUS&quot; schedule (2 dose scheme)"/>
  <jurisdiction>
    <coding>
      <system value="http://unstats.un.org/unsd/methods/m49/m49.htm"/>
      <code value="001"/>
    </coding>
  </jurisdiction>
  <kind value="ImmunizationRecommendation"/>
  <code>
    <coding>
      <system value="http://snomed.info/sct"/>
      <code value="33879002"/>
      <display value="Administration of vaccine to produce active immunity"/>
    </coding>
  </code>
  <intent value="proposal"/>
  <doNotPerform value="false"/>
  <dynamicValue>
    <path value="recommendation.targetDisease"/>
    <expression>
      <language value="text/cql"/>
      <expression value="Code { system: 'http://id.who.int/icd/release/11/mms', code: 'XN8JY', display: 'Human papillomavirus' }"/>
    </expression>
  </dynamicValue>
  <dynamicValue>
    <path value="recommendation.seriesDoses"/>
    <expression>
      <description value="The number of doses in this series."/>
      <language value="text/cql"/>
      <expression value="Number of Required HPV Doses"/>
    </expression>
  </dynamicValue>
  <dynamicValue>
    <path value="recommendation.doseNumber"/>
    <expression>
      <description value="The dose number being given."/>
      <language value="text/cql"/>
      <expression value="HPV Next Dose Number"/>
    </expression>
  </dynamicValue>
  <dynamicValue>
    <path value="recommendation.forecastStatus"/>
    <expression>
      <language value="text/cql"/>
      <expression value="Code { system: 'http://terminology.hl7.org/CodeSystem/immunization-recommendation-status', code: 'due' }"/>
    </expression>
  </dynamicValue>
  <dynamicValue>
    <path value="recommendation.dateCriterion[0].value"/>
    <expression>
      <description value="Due date of the dose"/>
      <language value="text/cql"/>
      <expression value="Schedule Due Date for HPV dose"/>
    </expression>
  </dynamicValue>
  <dynamicValue>
    <path value="recommendation.dateCriterion[0].code"/>
    <expression>
      <description value="Date vaccine due"/>
      <language value="text/cql"/>
      <expression value="Code { system: 'http://loinc.org', code: '30980-7' }"/>
    </expression>
  </dynamicValue>
  <dynamicValue>
    <path value="recommendation.dateCriterion[1].value"/>
    <expression>
      <description value="Overdue date for HPV dose"/>
      <language value="text/cql"/>
      <expression value="Overdue Date for HPV dose"/>
    </expression>
  </dynamicValue>
  <dynamicValue>
    <path value="recommendation.dateCriterion[1].code"/>
    <expression>
      <description value="Date when overdue for immunization"/>
      <language value="text/cql"/>
      <expression value="Code { system: 'http://loinc.org', code: '59778-1' }"/>
    </expression>
  </dynamicValue>
</ActivityDefinition>