<?xml version="1.0" encoding="UTF-8"?>
<library xmlns="urn:hl7-org:elm:r1" xmlns:t="urn:hl7-org:elm-types:r1" xmlns:xsi="http://www.w3.org/2001/XMLSchema-instance" xmlns:xsd="http://www.w3.org/2001/XMLSchema" xmlns:fhir="http://hl7.org/fhir" xmlns:qdm43="urn:healthit-gov:qdm:v4_3" xmlns:qdm53="urn:healthit-gov:qdm:v5_3" xmlns:a="urn:hl7-org:cql-annotations:r1">
   <annotation translatorVersion="1.4" translatorOptions="EnableAnnotations,EnableLocators,DisableListDemotion,DisableListPromotion" xsi:type="a:CqlToElmInfo"/>
   <annotation xsi:type="a:Annotation">
      <a:s r="30">
         <a:s>/*
 * Library: IMMZ.IND.17
 * Immunization coverage for Pertussis containing vaccine boosters (Estimated Denominator) 
 * Compares the administered booster dose of pertussis containing vaccine (dose 4) with a country specified denominator expressed as a percentage.
 * 
 * Numerator: Number of administrations of booster vaccine containing a pertussis component during the reporting period 
 * Numerator Computation: COUNT immunization events WHERE administered product is a Pertussis containing vaccine (IMMZ.A1.DE12) and dose > 3 during reporting period.
 * Denominator: Country defined target population.
 * Denominator Computation: PARAMETER country defined target population.
 * 
 * Disaggregation:
 *   - Geographic Region
 *   - Administrative Gender (or Biological Sex)
 * 
 * References: WHO / UNICEF Joint Reporting Form (3 - element 4090)
 */
library IMMZIND17</a:s>
      </a:s>
   </annotation>
   <identifier id="IMMZIND17" system="http://fhir.org/guides/who/smart-immunization"/>
   <schemaIdentifier id="urn:hl7-org:elm" version="r1"/>
   <usings>
      <def localIdentifier="System" uri="urn:hl7-org:elm-types:r1"/>
      <def localId="1" locator="21:1-21:26" localIdentifier="FHIR" uri="http://hl7.org/fhir" version="4.0.1">
         <annotation xsi:type="a:Annotation">
            <a:s r="1">
               <a:s>// Start Skeleton CQL
using </a:s>
               <a:s>
                  <a:s>FHIR</a:s>
               </a:s>
               <a:s> version '4.0.1'</a:s>
            </a:s>
         </annotation>
      </def>
   </usings>
   <includes>
      <def localId="2" locator="22:1-22:35" localIdentifier="FHIRHelpers" path="http://fhir.org/guides/who/smart-immunization/FHIRHelpers" version="4.0.1">
         <annotation xsi:type="a:Annotation">
            <a:s r="2">
               <a:s>include </a:s>
               <a:s>
                  <a:s>FHIRHelpers</a:s>
               </a:s>
               <a:s> version '4.0.1'</a:s>
            </a:s>
         </annotation>
      </def>
      <def localId="3" locator="23:1-23:33" localIdentifier="IMMZCom" path="http://fhir.org/guides/who/smart-immunization/IMMZCommon">
         <annotation xsi:type="a:Annotation">
            <a:s r="3">
               <a:s>include </a:s>
               <a:s>
                  <a:s>IMMZCommon</a:s>
               </a:s>
               <a:s> called IMMZCom</a:s>
            </a:s>
         </annotation>
      </def>
      <def localId="4" locator="24:1-24:33" localIdentifier="IMMZc" path="http://fhir.org/guides/who/smart-immunization/IMMZConcepts">
         <annotation xsi:type="a:Annotation">
            <a:s r="4">
               <a:s>include </a:s>
               <a:s>
                  <a:s>IMMZConcepts</a:s>
               </a:s>
               <a:s> called IMMZc</a:s>
            </a:s>
         </annotation>
      </def>
      <def localId="5" locator="25:1-25:33" localIdentifier="IMMZCon" path="http://fhir.org/guides/who/smart-immunization/IMMZConfig">
         <annotation xsi:type="a:Annotation">
            <a:s r="5">
               <a:s>include </a:s>
               <a:s>
                  <a:s>IMMZConfig</a:s>
               </a:s>
               <a:s> called IMMZCon</a:s>
            </a:s>
         </annotation>
      </def>
      <def localId="6" locator="26:1-26:45" localIdentifier="IMMZIndCom" path="http://fhir.org/guides/who/smart-immunization/IMMZIndicatorCommon">
         <annotation xsi:type="a:Annotation">
            <a:s r="6">
               <a:s>include </a:s>
               <a:s>
                  <a:s>IMMZIndicatorCommon</a:s>
               </a:s>
               <a:s> called IMMZIndCom</a:s>
            </a:s>
         </annotation>
      </def>
      <def localId="7" locator="27:1-27:40" localIdentifier="IMMZvl" path="http://fhir.org/guides/who/smart-immunization/IMMZVaccineLibrary">
         <annotation xsi:type="a:Annotation">
            <a:s r="7">
               <a:s>include </a:s>
               <a:s>
                  <a:s>IMMZVaccineLibrary</a:s>
               </a:s>
               <a:s> called IMMZvl</a:s>
            </a:s>
         </annotation>
      </def>
      <def localId="8" locator="28:1-28:28" localIdentifier="FC" path="http://fhir.org/guides/who/smart-immunization/FHIRCommon">
         <annotation xsi:type="a:Annotation">
            <a:s r="8">
               <a:s>include </a:s>
               <a:s>
                  <a:s>FHIRCommon</a:s>
               </a:s>
               <a:s> called FC</a:s>
            </a:s>
         </annotation>
      </def>
   </includes>
   <parameters>
      <def localId="11" locator="30:1-30:45" name="Measurement Period" accessLevel="Public">
         <annotation xsi:type="a:Annotation">
            <a:s r="11">
               <a:s>// End Skeleton CQL
parameter &quot;Measurement Period&quot; </a:s>
               <a:s r="10">
                  <a:s>Interval&lt;</a:s>
                  <a:s r="9">
                     <a:s>Date</a:s>
                  </a:s>
                  <a:s>></a:s>
               </a:s>
            </a:s>
         </annotation>
         <parameterTypeSpecifier localId="10" locator="30:32-30:45" xsi:type="IntervalTypeSpecifier">
            <pointType localId="9" locator="30:41-30:44" name="t:Date" xsi:type="NamedTypeSpecifier"/>
         </parameterTypeSpecifier>
      </def>
   </parameters>
   <statements>
      <def locator="32:1-32:15" name="Patient" context="Patient">
         <expression xsi:type="SingletonFrom">
            <operand locator="32:1-32:15" dataType="fhir:Patient" templateId="http://hl7.org/fhir/StructureDefinition/Patient" xsi:type="Retrieve"/>
         </expression>
      </def>
      <def localId="15" locator="38:1-39:95" name="measure-population" context="Patient" accessLevel="Public">
         <annotation xsi:type="a:Annotation">
            <a:s r="15">
               <a:s>/*
 * Numerator: Number of administrations of booster vaccine containing a pertussis component during the reporting period
 * Numerator Computation: COUNT immunization events WHERE administered product is a Pertussis containing vaccine (IMMZ.A1.DE12) and dose > 3 during reporting period.
 */
define &quot;measure-population&quot;:
	</a:s>
               <a:s r="14">
                  <a:s>exists</a:s>
                  <a:s r="13">
                     <a:s>(</a:s>
                     <a:s r="13">
                        <a:s r="12">
                           <a:s>IMMZIndCom</a:s>
                        </a:s>
                        <a:s>.</a:s>
                        <a:s r="13">
                           <a:s>&quot;Pertussis Booster Doses Administered to Patient During Measurement Period&quot;</a:s>
                        </a:s>
                     </a:s>
                     <a:s>)</a:s>
                  </a:s>
               </a:s>
            </a:s>
         </annotation>
         <expression localId="14" locator="39:2-39:95" xsi:type="Exists">
            <operand localId="13" locator="39:8-39:95" name="Pertussis Booster Doses Administered to Patient During Measurement Period" libraryName="IMMZIndCom" xsi:type="ExpressionRef"/>
         </expression>
      </def>
      <def localId="24" locator="44:1-46:53" name="Dose Sequence Stratifier" context="Patient" accessLevel="Public">
         <annotation xsi:type="a:Annotation">
            <a:s r="24">
               <a:s>/*
 * Disaggregator: Dose Sequence (4, 5, 6)
 */
define &quot;Dose Sequence Stratifier&quot;:
	</a:s>
               <a:s r="23">
                  <a:s>
                     <a:s r="17">
                        <a:s r="16">
                           <a:s>
                              <a:s>IMMZIndCom.&quot;Pertussis Booster Doses Administered to Patient During Measurement Period&quot;</a:s>
                           </a:s>
                        </a:s>
                        <a:s> I</a:s>
                     </a:s>
                  </a:s>
                  <a:s>
	</a:s>
                  <a:s r="22">
                     <a:s>return </a:s>
                     <a:s r="21">
                        <a:s r="20">
                           <a:s>(</a:s>
                           <a:s r="20">
                              <a:s>singleton from </a:s>
                              <a:s r="19">
                                 <a:s r="18">
                                    <a:s>I</a:s>
                                 </a:s>
                                 <a:s>.</a:s>
                                 <a:s r="19">
                                    <a:s>protocolApplied</a:s>
                                 </a:s>
                              </a:s>
                           </a:s>
                           <a:s>)</a:s>
                        </a:s>
                        <a:s>.</a:s>
                        <a:s r="21">
                           <a:s>doseNumber</a:s>
                        </a:s>
                     </a:s>
                  </a:s>
               </a:s>
            </a:s>
         </annotation>
         <expression localId="23" locator="45:2-46:53" xsi:type="Query">
            <source localId="17" locator="45:2-45:89" alias="I">
               <expression localId="16" locator="45:2-45:87" name="Pertussis Booster Doses Administered to Patient During Measurement Period" libraryName="IMMZIndCom" xsi:type="ExpressionRef"/>
            </source>
            <return localId="22" locator="46:2-46:53">
               <expression localId="21" locator="46:9-46:53" path="doseNumber" xsi:type="Property">
                  <source localId="20" locator="46:9-46:42" xsi:type="SingletonFrom">
                     <operand localId="19" locator="46:25-46:41" path="protocolApplied" scope="I" xsi:type="Property"/>
                  </source>
               </expression>
            </return>
         </expression>
      </def>
      <def localId="27" locator="51:1-52:45" name="Geographic Region Stratifier" context="Patient" accessLevel="Public">
         <annotation xsi:type="a:Annotation">
            <a:s r="27">
               <a:s>/*
 * Disaggregator: Geographic Region
 */
define &quot;Geographic Region Stratifier&quot;:
	</a:s>
               <a:s r="26">
                  <a:s r="25">
                     <a:s>IMMZIndCom</a:s>
                  </a:s>
                  <a:s>.</a:s>
                  <a:s r="26">
                     <a:s>&quot;By Geographic Region Stratifier&quot;</a:s>
                  </a:s>
               </a:s>
            </a:s>
         </annotation>
         <expression localId="26" locator="52:2-52:45" name="By Geographic Region Stratifier" libraryName="IMMZIndCom" xsi:type="ExpressionRef"/>
      </def>
      <def localId="30" locator="57:1-58:49" name="Administrative Gender Stratifier" context="Patient" accessLevel="Public">
         <annotation xsi:type="a:Annotation">
            <a:s r="30">
               <a:s>/*
 * Disaggregator: Administrative Gender (or Biological Sex)
 */
define &quot;Administrative Gender Stratifier&quot;:
	</a:s>
               <a:s r="29">
                  <a:s r="28">
                     <a:s>IMMZIndCom</a:s>
                  </a:s>
                  <a:s>.</a:s>
                  <a:s r="29">
                     <a:s>&quot;By Administrative Gender Stratifier&quot;</a:s>
                  </a:s>
               </a:s>
            </a:s>
         </annotation>
         <expression localId="29" locator="58:2-58:49" name="By Administrative Gender Stratifier" libraryName="IMMZIndCom" xsi:type="ExpressionRef"/>
      </def>
   </statements>
</library>
