<?xml version="1.0" encoding="UTF-8"?>
<library xmlns="urn:hl7-org:elm:r1" xmlns:t="urn:hl7-org:elm-types:r1" xmlns:xsi="http://www.w3.org/2001/XMLSchema-instance" xmlns:xsd="http://www.w3.org/2001/XMLSchema" xmlns:fhir="http://hl7.org/fhir" xmlns:qdm43="urn:healthit-gov:qdm:v4_3" xmlns:qdm53="urn:healthit-gov:qdm:v5_3" xmlns:a="urn:hl7-org:cql-annotations:r1">
   <annotation translatorVersion="1.4" translatorOptions="EnableAnnotations,EnableLocators,DisableListDemotion,DisableListPromotion" xsi:type="a:CqlToElmInfo"/>
   <annotation xsi:type="a:Annotation">
      <a:s r="18">
         <a:s>/*
 * Library: IMMZDT09 (IMMZ.DT.09.Rubella)
 * Rule: If child or patient has not received the Rubella vaccination and is greater than or equal to 9 months 
 * Trigger: Patient has never received Rubella vaccination
 */
library IMMZDT09</a:s>
      </a:s>
   </annotation>
   <identifier id="IMMZDT09" system="http://fhir.org/guides/who/smart-immunization"/>
   <schemaIdentifier id="urn:hl7-org:elm" version="r1"/>
   <usings>
      <def localIdentifier="System" uri="urn:hl7-org:elm-types:r1"/>
      <def localId="1" locator="8:1-8:26" localIdentifier="FHIR" uri="http://hl7.org/fhir" version="4.0.1">
         <annotation xsi:type="a:Annotation">
            <a:s r="1">
               <a:s>// Start Skeleton CQL
using </a:s>
               <a:s>
                  <a:s>FHIR</a:s>
               </a:s>
               <a:s> version '4.0.1'</a:s>
            </a:s>
         </annotation>
      </def>
   </usings>
   <includes>
      <def localId="2" locator="9:1-9:35" localIdentifier="FHIRHelpers" path="http://fhir.org/guides/who/smart-immunization/FHIRHelpers" version="4.0.1">
         <annotation xsi:type="a:Annotation">
            <a:s r="2">
               <a:s>include </a:s>
               <a:s>
                  <a:s>FHIRHelpers</a:s>
               </a:s>
               <a:s> version '4.0.1'</a:s>
            </a:s>
         </annotation>
      </def>
      <def localId="3" locator="10:1-10:33" localIdentifier="IMMZCom" path="http://fhir.org/guides/who/smart-immunization/IMMZCommon">
         <annotation xsi:type="a:Annotation">
            <a:s r="3">
               <a:s>include </a:s>
               <a:s>
                  <a:s>IMMZCommon</a:s>
               </a:s>
               <a:s> called IMMZCom</a:s>
            </a:s>
         </annotation>
      </def>
      <def localId="4" locator="11:1-11:33" localIdentifier="IMMZc" path="http://fhir.org/guides/who/smart-immunization/IMMZConcepts">
         <annotation xsi:type="a:Annotation">
            <a:s r="4">
               <a:s>include </a:s>
               <a:s>
                  <a:s>IMMZConcepts</a:s>
               </a:s>
               <a:s> called IMMZc</a:s>
            </a:s>
         </annotation>
      </def>
      <def localId="5" locator="12:1-12:33" localIdentifier="IMMZCon" path="http://fhir.org/guides/who/smart-immunization/IMMZConfig">
         <annotation xsi:type="a:Annotation">
            <a:s r="5">
               <a:s>include </a:s>
               <a:s>
                  <a:s>IMMZConfig</a:s>
               </a:s>
               <a:s> called IMMZCon</a:s>
            </a:s>
         </annotation>
      </def>
      <def localId="6" locator="13:1-13:40" localIdentifier="IMMZvl" path="http://fhir.org/guides/who/smart-immunization/IMMZVaccineLibrary">
         <annotation xsi:type="a:Annotation">
            <a:s r="6">
               <a:s>include </a:s>
               <a:s>
                  <a:s>IMMZVaccineLibrary</a:s>
               </a:s>
               <a:s> called IMMZvl</a:s>
            </a:s>
         </annotation>
      </def>
   </includes>
   <statements>
      <def locator="15:1-15:15" name="Patient" context="Patient">
         <expression xsi:type="SingletonFrom">
            <operand locator="15:1-15:15" dataType="fhir:Patient" templateId="http://hl7.org/fhir/StructureDefinition/Patient" xsi:type="Retrieve"/>
         </expression>
      </def>
      <def localId="18" locator="28:1-31:45" name="Should vaccinate patient for Rubella because no doses on 1 dose scheme" context="Patient" accessLevel="Public">
         <annotation xsi:type="a:Annotation">
            <a:s r="18">
               <a:s>/*
 * Rule: Should vaccinate patient for Rubella because no doses on 1 dose scheme
 * Annotations:
 * 	 - Provide Rubella immunizations – using the &quot;Rubella Vaccine immunization – NO PREVIOUS&quot; schedule (1 dose scheme)
 * Outputs:
 * 	 - Immunize Patient for Rubella- No Doses
 * References:
 * 	- WHO recommendations for routine immunization - summary tables: https://www.who.int/teams/immunization-vaccines-and-biologicals/policies/who-recommendations-for-routine-immunization---summary-tables
 * Logic:
 *	 ((&quot;Rubella vaccine immunization history&quot; = &quot;No-doses&quot;) and (&quot;Current Patient Age in Months&quot; >= 9))
 */
define &quot;Should vaccinate patient for Rubella because no doses on 1 dose scheme&quot;:
	</a:s>
               <a:s r="17">
                  <a:s r="12">
                     <a:s r="9">
                        <a:s>not</a:s>
                        <a:s r="8">
                           <a:s>(</a:s>
                           <a:s r="8">
                              <a:s r="7">
                                 <a:s>IMMZCom</a:s>
                              </a:s>
                              <a:s>.</a:s>
                              <a:s r="8">
                                 <a:s>&quot;Pregnant&quot;</a:s>
                              </a:s>
                           </a:s>
                           <a:s>)</a:s>
                        </a:s>
                     </a:s>
                     <a:s> and
	</a:s>
                     <a:s r="11">
                        <a:s r="10">
                           <a:s>IMMZCom</a:s>
                        </a:s>
                        <a:s>.</a:s>
                        <a:s r="11">
                           <a:s>&quot;No Rubella Doses Administered to Patient&quot;</a:s>
                        </a:s>
                     </a:s>
                  </a:s>
                  <a:s> and 
	</a:s>
                  <a:s r="16">
                     <a:s r="14">
                        <a:s r="13">
                           <a:s>IMMZCom</a:s>
                        </a:s>
                        <a:s>.</a:s>
                        <a:s r="14">
                           <a:s>&quot;Current Patient Age In Months&quot;</a:s>
                        </a:s>
                     </a:s>
                     <a:s r="15"> >= 9</a:s>
                  </a:s>
               </a:s>
            </a:s>
         </annotation>
         <expression localId="17" locator="29:2-31:45" xsi:type="And">
            <operand localId="12" locator="29:2-30:51" xsi:type="And">
               <operand localId="9" locator="29:2-29:24" xsi:type="Not">
                  <operand localId="8" locator="29:5-29:24" name="Pregnant" libraryName="IMMZCom" xsi:type="ExpressionRef"/>
               </operand>
               <operand localId="11" locator="30:2-30:51" name="No Rubella Doses Administered to Patient" libraryName="IMMZCom" xsi:type="ExpressionRef"/>
            </operand>
            <operand localId="16" locator="31:2-31:45" xsi:type="GreaterOrEqual">
               <operand localId="14" locator="31:2-31:40" name="Current Patient Age In Months" libraryName="IMMZCom" xsi:type="ExpressionRef"/>
               <operand localId="15" locator="31:45" valueType="t:Integer" value="9" xsi:type="Literal"/>
            </operand>
         </expression>
      </def>
   </statements>
</library>
