{"resourceType":"ActivityDefinition","id":"IMMZD2DTMeaslesEval","meta":{"profile":["http://hl7.org/fhir/uv/cpg/StructureDefinition/cpg-servicerequestactivity"]},"extension":[{"url":"http://hl7.org/fhir/uv/cpg/StructureDefinition/cpg-knowledgeCapability","valueCode":"computable"}],"url":"http://smart.who.int/ig/smart-immunizations/ActivityDefinition/IMMZD2DTMeaslesEval","version":"0.1.0","name":"IMMZD2DTMeaslesContraindicationEvaluation","title":"IMMZ.D2.DT.Measles.Eval","status":"draft","experimental":false,"date":"2023-10-03","publisher":"World Health Organization (WHO)","contact":[{"name":"World Health Organization (WHO)","telecom":[{"system":"url","value":"https://www.who.int"}]}],"description":"Provide measles immunization","jurisdiction":[{"coding":[{"system":"http://unstats.un.org/unsd/methods/m49/m49.htm","code":"001"}]}],"library":["http://smart.who.int/ig/smart-immunizations/Library/IMMZD2DTMeasles"],"kind":"ServiceRequest","profile":"http://hl7.org/fhir/uv/cpg/StructureDefinition/cpg-servicerequest","intent":"proposal","doNotPerform":false,"dynamicValue":[{"path":"code.coding","expression":{"description":"Measles Code","language":"text/cql","expression":"Code { system: 'http://hl7.org/fhir/sid/icd-11', code: 'XM28X5' }"}}]}