{"resourceType":"ActivityDefinition","id":"IMMZD2DTMeaslesCIMR","meta":{"profile":["http://hl7.org/fhir/uv/cpg/StructureDefinition/cpg-immunizationactivity"]},"extension":[{"url":"http://hl7.org/fhir/uv/cpg/StructureDefinition/cpg-knowledgeCapability","valueCode":"computable"}],"url":"http://smart.who.int/ig/smart-immunizations/ActivityDefinition/IMMZD2DTMeaslesCIMR","version":"0.1.0","name":"IMMZD2DTMeaslesContraindication","title":"IMMZ.D2.DT.Measles.Contraindication","status":"draft","experimental":false,"date":"2023-10-03","publisher":"World Health Organization (WHO)","contact":[{"name":"World Health Organization (WHO)","telecom":[{"system":"url","value":"https://www.who.int"}]}],"description":"Provide measles immunization","jurisdiction":[{"coding":[{"system":"http://unstats.un.org/unsd/methods/m49/m49.htm","code":"001"}]}],"library":["http://smart.who.int/ig/smart-immunizations/Library/IMMZD2DTMeasles"],"kind":"MedicationRequest","profile":"http://hl7.org/fhir/uv/cpg/StructureDefinition/cpg-immunizationrequest","intent":"proposal","doNotPerform":true,"productCodeableConcept":{"coding":[{"system":"http://hl7.org/fhir/sid/icd-11","code":"XM28X5","display":"Measles vaccines"}]},"dynamicValue":[{"path":"id","expression":{"description":"Draft Medication Request ID for MCV dose","language":"text/cql-identifier","expression":"Draft Medication Request ID for MCV dose"}}]}