{"resourceType":"ImplementationGuide","id":"who.fhir.immunization","text":{"status":"extensions","div":"<div xmlns=\"http://www.w3.org/1999/xhtml\"><h2>Immunization</h2><p>The official URL for this implementation guide is: </p><pre>http://smart.who.int/ig/smart-immunizations/ImplementationGuide/fhir.who.immunization</pre><div><p>WHO Immunization Implementation Guide.</p>\n</div></div>"},"url":"http://smart.who.int/ig/smart-immunizations/ImplementationGuide/fhir.who.immunization","version":"0.1.0","name":"Immunization","title":"WHO Immunization Implementation Guide","status":"draft","date":"2021-12-01","publisher":"World Health Organization (WHO)","contact":[{"name":"World Health Organization (WHO)","telecom":[{"system":"url","value":"https://www.who.int"}]}],"description":"WHO Immunization Implementation Guide.","jurisdiction":[{"coding":[{"system":"http://unstats.un.org/unsd/methods/m49/m49.htm","code":"001"}]}],"packageId":"who.fhir.immunization","license":"CC0-1.0","fhirVersion":["4.0.1"],"dependsOn":[{"id":"hl7tx","extension":[{"url":"http://hl7.org/fhir/tools/StructureDefinition/implementationguide-dependency-comment","valueMarkdown":"Automatically added as a dependency - all IGs depend on HL7 Terminology"}],"uri":"http://terminology.hl7.org/ImplementationGuide/hl7.terminology","packageId":"hl7.terminology.r4","version":"5.3.0"},{"id":"hl7ext","extension":[{"url":"http://hl7.org/fhir/tools/StructureDefinition/implementationguide-dependency-comment","valueMarkdown":"Automatically added as a dependency - all IGs depend on the HL7 Extension Pack"}],"uri":"http://hl7.org/fhir/extensions/ImplementationGuide/hl7.fhir.uv.extensions","packageId":"hl7.fhir.uv.extensions.r4","version":"1.0.0"},{"id":"hl7_fhir_uv_sdc","uri":"http://hl7.org/fhir/uv/sdc/ImplementationGuide/hl7.fhir.uv.sdc","packageId":"hl7.fhir.uv.sdc","version":"3.0.0"},{"id":"hl7_fhir_uv_cpg","uri":"http://hl7.org/fhir/uv/cpg/ImplementationGuide/hl7.fhir.uv.cpg","packageId":"hl7.fhir.uv.cpg","version":"current"},{"id":"hl7_fhir_us_cqfmeasures","uri":"http://hl7.org/fhir/us/cqfmeasures/ImplementationGuide/hl7.fhir.us.cqfmeasures","packageId":"hl7.fhir.us.cqfmeasures","version":"current"}],"definition":{"extension":[{"extension":[{"url":"code","valueString":"copyrightyear"},{"url":"value","valueString":"2021+"}],"url":"http://hl7.org/fhir/tools/StructureDefinition/ig-parameter"},{"extension":[{"url":"code","valueString":"releaselabel"},{"url":"value","valueString":"CI Build"}],"url":"http://hl7.org/fhir/tools/StructureDefinition/ig-parameter"},{"extension":[{"url":"code","valueString":"path-suppressed-warnings"},{"url":"value","valueString":"input/ignoreWarnings.txt"}],"url":"http://hl7.org/fhir/tools/StructureDefinition/ig-parameter"},{"extension":[{"url":"code","valueString":"autoload-resources"},{"url":"value","valueString":"true"}],"url":"http://hl7.org/fhir/tools/StructureDefinition/ig-parameter"},{"extension":[{"url":"code","valueString":"path-liquid"},{"url":"value","valueString":"template/liquid"}],"url":"http://hl7.org/fhir/tools/StructureDefinition/ig-parameter"},{"extension":[{"url":"code","valueString":"path-liquid"},{"url":"value","valueString":"input/liquid"}],"url":"http://hl7.org/fhir/tools/StructureDefinition/ig-parameter"},{"extension":[{"url":"code","valueString":"path-qa"},{"url":"value","valueString":"temp/qa"}],"url":"http://hl7.org/fhir/tools/StructureDefinition/ig-parameter"},{"extension":[{"url":"code","valueString":"path-temp"},{"url":"value","valueString":"temp/pages"}],"url":"http://hl7.org/fhir/tools/StructureDefinition/ig-parameter"},{"extension":[{"url":"code","valueString":"path-output"},{"url":"value","valueString":"output"}],"url":"http://hl7.org/fhir/tools/StructureDefinition/ig-parameter"},{"extension":[{"url":"code","valueString":"path-history"},{"url":"value","valueString":"http://smart.who.int/ig/smart-immunizations/history.html"}],"url":"http://hl7.org/fhir/tools/StructureDefinition/ig-parameter"},{"extension":[{"url":"code","valueString":"template-html"},{"url":"value","valueString":"template-page.html"}],"url":"http://hl7.org/fhir/tools/StructureDefinition/ig-parameter"},{"extension":[{"url":"code","valueString":"template-md"},{"url":"value","valueString":"template-page-md.html"}],"url":"http://hl7.org/fhir/tools/StructureDefinition/ig-parameter"},{"extension":[{"url":"code","valueString":"apply-contact"},{"url":"value","valueString":"true"}],"url":"http://hl7.org/fhir/tools/StructureDefinition/ig-parameter"},{"extension":[{"url":"code","valueString":"apply-context"},{"url":"value","valueString":"true"}],"url":"http://hl7.org/fhir/tools/StructureDefinition/ig-parameter"},{"extension":[{"url":"code","valueString":"apply-copyright"},{"url":"value","valueString":"true"}],"url":"http://hl7.org/fhir/tools/StructureDefinition/ig-parameter"},{"extension":[{"url":"code","valueString":"apply-jurisdiction"},{"url":"value","valueString":"true"}],"url":"http://hl7.org/fhir/tools/StructureDefinition/ig-parameter"},{"extension":[{"url":"code","valueString":"apply-license"},{"url":"value","valueString":"true"}],"url":"http://hl7.org/fhir/tools/StructureDefinition/ig-parameter"},{"extension":[{"url":"code","valueString":"apply-publisher"},{"url":"value","valueString":"true"}],"url":"http://hl7.org/fhir/tools/StructureDefinition/ig-parameter"},{"extension":[{"url":"code","valueString":"apply-version"},{"url":"value","valueString":"true"}],"url":"http://hl7.org/fhir/tools/StructureDefinition/ig-parameter"},{"extension":[{"url":"code","valueString":"apply-wg"},{"url":"value","valueString":"true"}],"url":"http://hl7.org/fhir/tools/StructureDefinition/ig-parameter"},{"extension":[{"url":"code","valueString":"active-tables"},{"url":"value","valueString":"true"}],"url":"http://hl7.org/fhir/tools/StructureDefinition/ig-parameter"},{"extension":[{"url":"code","valueString":"fmm-definition"},{"url":"value","valueString":"http://hl7.org/fhir/versions.html#maturity"}],"url":"http://hl7.org/fhir/tools/StructureDefinition/ig-parameter"},{"extension":[{"url":"code","valueString":"propagate-status"},{"url":"value","valueString":"true"}],"url":"http://hl7.org/fhir/tools/StructureDefinition/ig-parameter"},{"extension":[{"url":"code","valueString":"excludelogbinaryformat"},{"url":"value","valueString":"true"}],"url":"http://hl7.org/fhir/tools/StructureDefinition/ig-parameter"},{"extension":[{"url":"code","valueString":"tabbed-snapshots"},{"url":"value","valueString":"true"}],"url":"http://hl7.org/fhir/tools/StructureDefinition/ig-parameter"},{"url":"http://hl7.org/fhir/tools/StructureDefinition/ig-internal-dependency","valueCode":"hl7.fhir.uv.tools#current"},{"extension":[{"url":"code","valueCode":"copyrightyear"},{"url":"value","valueString":"2021+"}],"url":"http://hl7.org/fhir/tools/StructureDefinition/ig-parameter"},{"extension":[{"url":"code","valueCode":"releaselabel"},{"url":"value","valueString":"CI Build"}],"url":"http://hl7.org/fhir/tools/StructureDefinition/ig-parameter"},{"extension":[{"url":"code","valueCode":"path-suppressed-warnings"},{"url":"value","valueString":"input/ignoreWarnings.txt"}],"url":"http://hl7.org/fhir/tools/StructureDefinition/ig-parameter"},{"extension":[{"url":"code","valueCode":"autoload-resources"},{"url":"value","valueString":"true"}],"url":"http://hl7.org/fhir/tools/StructureDefinition/ig-parameter"},{"extension":[{"url":"code","valueCode":"path-liquid"},{"url":"value","valueString":"template/liquid"}],"url":"http://hl7.org/fhir/tools/StructureDefinition/ig-parameter"},{"extension":[{"url":"code","valueCode":"path-liquid"},{"url":"value","valueString":"input/liquid"}],"url":"http://hl7.org/fhir/tools/StructureDefinition/ig-parameter"},{"extension":[{"url":"code","valueCode":"path-qa"},{"url":"value","valueString":"temp/qa"}],"url":"http://hl7.org/fhir/tools/StructureDefinition/ig-parameter"},{"extension":[{"url":"code","valueCode":"path-temp"},{"url":"value","valueString":"temp/pages"}],"url":"http://hl7.org/fhir/tools/StructureDefinition/ig-parameter"},{"extension":[{"url":"code","valueCode":"path-output"},{"url":"value","valueString":"output"}],"url":"http://hl7.org/fhir/tools/StructureDefinition/ig-parameter"},{"extension":[{"url":"code","valueCode":"path-history"},{"url":"value","valueString":"http://smart.who.int/ig/smart-immunizations/history.html"}],"url":"http://hl7.org/fhir/tools/StructureDefinition/ig-parameter"},{"extension":[{"url":"code","valueCode":"template-html"},{"url":"value","valueString":"template-page.html"}],"url":"http://hl7.org/fhir/tools/StructureDefinition/ig-parameter"},{"extension":[{"url":"code","valueCode":"template-md"},{"url":"value","valueString":"template-page-md.html"}],"url":"http://hl7.org/fhir/tools/StructureDefinition/ig-parameter"},{"extension":[{"url":"code","valueCode":"apply-contact"},{"url":"value","valueString":"true"}],"url":"http://hl7.org/fhir/tools/StructureDefinition/ig-parameter"},{"extension":[{"url":"code","valueCode":"apply-context"},{"url":"value","valueString":"true"}],"url":"http://hl7.org/fhir/tools/StructureDefinition/ig-parameter"},{"extension":[{"url":"code","valueCode":"apply-copyright"},{"url":"value","valueString":"true"}],"url":"http://hl7.org/fhir/tools/StructureDefinition/ig-parameter"},{"extension":[{"url":"code","valueCode":"apply-jurisdiction"},{"url":"value","valueString":"true"}],"url":"http://hl7.org/fhir/tools/StructureDefinition/ig-parameter"},{"extension":[{"url":"code","valueCode":"apply-license"},{"url":"value","valueString":"true"}],"url":"http://hl7.org/fhir/tools/StructureDefinition/ig-parameter"},{"extension":[{"url":"code","valueCode":"apply-publisher"},{"url":"value","valueString":"true"}],"url":"http://hl7.org/fhir/tools/StructureDefinition/ig-parameter"},{"extension":[{"url":"code","valueCode":"apply-version"},{"url":"value","valueString":"true"}],"url":"http://hl7.org/fhir/tools/StructureDefinition/ig-parameter"},{"extension":[{"url":"code","valueCode":"apply-wg"},{"url":"value","valueString":"true"}],"url":"http://hl7.org/fhir/tools/StructureDefinition/ig-parameter"},{"extension":[{"url":"code","valueCode":"active-tables"},{"url":"value","valueString":"true"}],"url":"http://hl7.org/fhir/tools/StructureDefinition/ig-parameter"},{"extension":[{"url":"code","valueCode":"fmm-definition"},{"url":"value","valueString":"http://hl7.org/fhir/versions.html#maturity"}],"url":"http://hl7.org/fhir/tools/StructureDefinition/ig-parameter"},{"extension":[{"url":"code","valueCode":"propagate-status"},{"url":"value","valueString":"true"}],"url":"http://hl7.org/fhir/tools/StructureDefinition/ig-parameter"},{"extension":[{"url":"code","valueCode":"excludelogbinaryformat"},{"url":"value","valueString":"true"}],"url":"http://hl7.org/fhir/tools/StructureDefinition/ig-parameter"},{"extension":[{"url":"code","valueCode":"tabbed-snapshots"},{"url":"value","valueString":"true"}],"url":"http://hl7.org/fhir/tools/StructureDefinition/ig-parameter"},{"extension":[{"url":"code","valueCode":"copyrightyear"},{"url":"value","valueString":"2021+"}],"url":"http://hl7.org/fhir/tools/StructureDefinition/ig-parameter"},{"extension":[{"url":"code","valueCode":"releaselabel"},{"url":"value","valueString":"CI Build"}],"url":"http://hl7.org/fhir/tools/StructureDefinition/ig-parameter"},{"extension":[{"url":"code","valueCode":"path-suppressed-warnings"},{"url":"value","valueString":"input/ignoreWarnings.txt"}],"url":"http://hl7.org/fhir/tools/StructureDefinition/ig-parameter"},{"extension":[{"url":"code","valueCode":"autoload-resources"},{"url":"value","valueString":"true"}],"url":"http://hl7.org/fhir/tools/StructureDefinition/ig-parameter"},{"extension":[{"url":"code","valueCode":"path-liquid"},{"url":"value","valueString":"template/liquid"}],"url":"http://hl7.org/fhir/tools/StructureDefinition/ig-parameter"},{"extension":[{"url":"code","valueCode":"path-liquid"},{"url":"value","valueString":"input/liquid"}],"url":"http://hl7.org/fhir/tools/StructureDefinition/ig-parameter"},{"extension":[{"url":"code","valueCode":"path-qa"},{"url":"value","valueString":"temp/qa"}],"url":"http://hl7.org/fhir/tools/StructureDefinition/ig-parameter"},{"extension":[{"url":"code","valueCode":"path-temp"},{"url":"value","valueString":"temp/pages"}],"url":"http://hl7.org/fhir/tools/StructureDefinition/ig-parameter"},{"extension":[{"url":"code","valueCode":"path-output"},{"url":"value","valueString":"output"}],"url":"http://hl7.org/fhir/tools/StructureDefinition/ig-parameter"},{"extension":[{"url":"code","valueCode":"path-history"},{"url":"value","valueString":"http://smart.who.int/ig/smart-immunizations/history.html"}],"url":"http://hl7.org/fhir/tools/StructureDefinition/ig-parameter"},{"extension":[{"url":"code","valueCode":"template-html"},{"url":"value","valueString":"template-page.html"}],"url":"http://hl7.org/fhir/tools/StructureDefinition/ig-parameter"},{"extension":[{"url":"code","valueCode":"template-md"},{"url":"value","valueString":"template-page-md.html"}],"url":"http://hl7.org/fhir/tools/StructureDefinition/ig-parameter"},{"extension":[{"url":"code","valueCode":"apply-contact"},{"url":"value","valueString":"true"}],"url":"http://hl7.org/fhir/tools/StructureDefinition/ig-parameter"},{"extension":[{"url":"code","valueCode":"apply-context"},{"url":"value","valueString":"true"}],"url":"http://hl7.org/fhir/tools/StructureDefinition/ig-parameter"},{"extension":[{"url":"code","valueCode":"apply-copyright"},{"url":"value","valueString":"true"}],"url":"http://hl7.org/fhir/tools/StructureDefinition/ig-parameter"},{"extension":[{"url":"code","valueCode":"apply-jurisdiction"},{"url":"value","valueString":"true"}],"url":"http://hl7.org/fhir/tools/StructureDefinition/ig-parameter"},{"extension":[{"url":"code","valueCode":"apply-license"},{"url":"value","valueString":"true"}],"url":"http://hl7.org/fhir/tools/StructureDefinition/ig-parameter"},{"extension":[{"url":"code","valueCode":"apply-publisher"},{"url":"value","valueString":"true"}],"url":"http://hl7.org/fhir/tools/StructureDefinition/ig-parameter"},{"extension":[{"url":"code","valueCode":"apply-version"},{"url":"value","valueString":"true"}],"url":"http://hl7.org/fhir/tools/StructureDefinition/ig-parameter"},{"extension":[{"url":"code","valueCode":"apply-wg"},{"url":"value","valueString":"true"}],"url":"http://hl7.org/fhir/tools/StructureDefinition/ig-parameter"},{"extension":[{"url":"code","valueCode":"active-tables"},{"url":"value","valueString":"true"}],"url":"http://hl7.org/fhir/tools/StructureDefinition/ig-parameter"},{"extension":[{"url":"code","valueCode":"fmm-definition"},{"url":"value","valueString":"http://hl7.org/fhir/versions.html#maturity"}],"url":"http://hl7.org/fhir/tools/StructureDefinition/ig-parameter"},{"extension":[{"url":"code","valueCode":"propagate-status"},{"url":"value","valueString":"true"}],"url":"http://hl7.org/fhir/tools/StructureDefinition/ig-parameter"},{"extension":[{"url":"code","valueCode":"excludelogbinaryformat"},{"url":"value","valueString":"true"}],"url":"http://hl7.org/fhir/tools/StructureDefinition/ig-parameter"},{"extension":[{"url":"code","valueCode":"tabbed-snapshots"},{"url":"value","valueString":"true"}],"url":"http://hl7.org/fhir/tools/StructureDefinition/ig-parameter"}],"grouping":[{"id":"-ka-activitydefinition","name":"Knowledge Artifacts: Activity Definitions","description":"These define activities that can be performed as part of the guidelines in this implementation guide.\n\n\u00a0\n\n\u00a0\n\n\u00a0\n\n\u00a0\n"},{"id":"-ka-plandefinition","name":"Knowledge Artifacts: Plan Definitions","description":"These define workflows, rules, strategies, or protocols as part of content in this implementation guide."},{"id":"-ka-library","name":"Knowledge Artifacts: Libraries","description":"These define logic, asset collections and other libraries as part of content in this implementation guide."},{"id":"-str-logicalmodel","name":"Structures: Logical Models","description":"These define data models that represent the domain covered by this implementation guide in more business-friendly terms than the underlying FHIR resources."},{"id":"-str-questionnaire","name":"Structures: Questionnaires","description":"These define forms used by systems conforming to this implementation guide to capture or expose data to end users."},{"id":"-str-extension","name":"Structures: Extension Definitions","description":"These define constraints on FHIR data types for systems conforming to this implementation guide."},{"id":"-term-valueset","name":"Terminology: Value Sets","description":"These define sets of codes used by systems conforming to this implementation guide."},{"id":"-term-codesystem","name":"Terminology: Code Systems","description":"These define new code systems used by systems conforming to this implementation guide."},{"id":"-map-structuremap","name":"Terminology: Structure Maps","description":"These define transformations to convert between data structures used by systems conforming to this implementation guide."},{"id":"-map-conceptmap","name":"Terminology: Concept Maps","description":"These define transformations to convert between codes by systems conforming with this implementation guide."},{"id":"-ex-example","name":"Example: Example Instances","description":"These are example instances that show what data produced and consumed by systems conforming with this implementation guide might look like."},{"id":"-other","name":"Other","description":"These are resources that are used within this implementation guide that do not fit into one of the other categories."}],"resource":[{"extension":[{"url":"http://hl7.org/fhir/tools/StructureDefinition/resource-sort","valueInteger":999999999},{"url":"http://hl7.org/fhir/StructureDefinition/implementationguide-page","valueUri":"ActivityDefinition-IMMZD2DTMeaslesCIMR.html"}],"reference":{"reference":"ActivityDefinition/IMMZD2DTMeaslesCIMR"},"name":"IMMZ.D2.DT.Measles.Contraindication","description":"Provide measles immunization","exampleBoolean":false,"groupingId":"-ka-activitydefinition"},{"extension":[{"url":"http://hl7.org/fhir/tools/StructureDefinition/resource-sort","valueInteger":999999999},{"url":"http://hl7.org/fhir/StructureDefinition/implementationguide-page","valueUri":"ActivityDefinition-IMMZD2DTMeaslesEval.html"}],"reference":{"reference":"ActivityDefinition/IMMZD2DTMeaslesEval"},"name":"IMMZ.D2.DT.Measles.Eval","description":"Provide measles immunization","exampleBoolean":false,"groupingId":"-ka-activitydefinition"},{"extension":[{"url":"http://hl7.org/fhir/tools/StructureDefinition/resource-sort","valueInteger":999999999},{"url":"http://hl7.org/fhir/StructureDefinition/implementationguide-page","valueUri":"ActivityDefinition-IMMZD2DTMeaslesMR.html"}],"reference":{"reference":"ActivityDefinition/IMMZD2DTMeaslesMR"},"name":"IMMZ.D2.DT.Measles.MR","description":"Provide measles immunization","exampleBoolean":false,"groupingId":"-ka-activitydefinition"},{"extension":[{"url":"http://hl7.org/fhir/tools/StructureDefinition/resource-sort","valueInteger":999999999},{"url":"http://hl7.org/fhir/StructureDefinition/implementationguide-page","valueUri":"PlanDefinition-IMMZD2DTMeasles.html"}],"reference":{"reference":"PlanDefinition/IMMZD2DTMeasles"},"name":"IMMZ.D2.DT.Measles","description":"If the child or patient has not been given MCV1 (at 9 months) and MCV2 (between 15-18 months) vaccination","exampleBoolean":false,"groupingId":"-ka-plandefinition"},{"extension":[{"url":"http://hl7.org/fhir/tools/StructureDefinition/resource-sort","valueInteger":999999999},{"url":"http://hl7.org/fhir/StructureDefinition/implementationguide-page","valueUri":"PlanDefinition-IMMZD2DTMeaslesCI.html"}],"reference":{"reference":"PlanDefinition/IMMZD2DTMeaslesCI"},"name":"IMMZ.D2.DT.Measles.Contraindication","description":"Check contraindications for Measles vaccine","exampleBoolean":false,"groupingId":"-ka-plandefinition"},{"extension":[{"url":"http://hl7.org/fhir/tools/StructureDefinition/resource-sort","valueInteger":999999999},{"url":"http://hl7.org/fhir/StructureDefinition/implementationguide-page","valueUri":"PlanDefinition-IMMZDTUmbrella.html"}],"reference":{"reference":"PlanDefinition/IMMZDTUmbrella"},"name":"IMMZ.DT.Umbrella","description":"If the child or patient has not been given MCV1 (at 9 months) and MCV2 (between 15-18 months) vaccination","exampleBoolean":false,"groupingId":"-ka-plandefinition"},{"extension":[{"url":"http://hl7.org/fhir/tools/StructureDefinition/resource-sort","valueInteger":999999999},{"url":"http://hl7.org/fhir/StructureDefinition/implementationguide-page","valueUri":"Library-FHIRCommon.html"}],"reference":{"reference":"Library/FHIRCommon"},"name":"FHIRCommon","exampleBoolean":false,"groupingId":"-ka-library"},{"extension":[{"url":"http://hl7.org/fhir/tools/StructureDefinition/resource-sort","valueInteger":999999999},{"url":"http://hl7.org/fhir/StructureDefinition/implementationguide-page","valueUri":"Library-FHIRHelpers.html"}],"reference":{"reference":"Library/FHIRHelpers"},"name":"FHIRHelpers","exampleBoolean":false,"groupingId":"-ka-library"},{"extension":[{"url":"http://hl7.org/fhir/tools/StructureDefinition/resource-sort","valueInteger":999999999},{"url":"http://hl7.org/fhir/StructureDefinition/implementationguide-page","valueUri":"Library-IMMZCommon.html"}],"reference":{"reference":"Library/IMMZCommon"},"name":"IMMZCommon","exampleBoolean":false,"groupingId":"-ka-library"},{"extension":[{"url":"http://hl7.org/fhir/tools/StructureDefinition/resource-sort","valueInteger":999999999},{"url":"http://hl7.org/fhir/StructureDefinition/implementationguide-page","valueUri":"Library-IMMZCommonIzDataElements.html"}],"reference":{"reference":"Library/IMMZCommonIzDataElements"},"name":"IMMZCommonIzDataElements","exampleBoolean":false,"groupingId":"-ka-library"},{"extension":[{"url":"http://hl7.org/fhir/tools/StructureDefinition/resource-sort","valueInteger":999999999},{"url":"http://hl7.org/fhir/StructureDefinition/implementationguide-page","valueUri":"Library-IMMZConcepts.html"}],"reference":{"reference":"Library/IMMZConcepts"},"name":"IMMZConcepts","exampleBoolean":false,"groupingId":"-ka-library"},{"extension":[{"url":"http://hl7.org/fhir/tools/StructureDefinition/resource-sort","valueInteger":999999999},{"url":"http://hl7.org/fhir/StructureDefinition/implementationguide-page","valueUri":"Library-IMMZConfig.html"}],"reference":{"reference":"Library/IMMZConfig"},"name":"IMMZConfig","exampleBoolean":false,"groupingId":"-ka-library"},{"extension":[{"url":"http://hl7.org/fhir/tools/StructureDefinition/resource-sort","valueInteger":999999999},{"url":"http://hl7.org/fhir/StructureDefinition/implementationguide-page","valueUri":"Library-IMMZD2DTMeasles.html"}],"reference":{"reference":"Library/IMMZD2DTMeasles"},"name":"IMMZD2DTMeasles","exampleBoolean":false,"groupingId":"-ka-library"},{"extension":[{"url":"http://hl7.org/fhir/tools/StructureDefinition/resource-sort","valueInteger":999999999},{"url":"http://hl7.org/fhir/StructureDefinition/implementationguide-page","valueUri":"Library-IMMZINDMeasles.html"}],"reference":{"reference":"Library/IMMZINDMeasles"},"name":"IMMZINDMeasles","exampleBoolean":false,"groupingId":"-ka-library"},{"extension":[{"url":"http://hl7.org/fhir/tools/StructureDefinition/resource-sort","valueInteger":999999999},{"url":"http://hl7.org/fhir/StructureDefinition/implementationguide-page","valueUri":"Library-IMMZIndicatorCommon.html"}],"reference":{"reference":"Library/IMMZIndicatorCommon"},"name":"IMMZIndicatorCommon","exampleBoolean":false,"groupingId":"-ka-library"},{"extension":[{"url":"http://hl7.org/fhir/tools/StructureDefinition/resource-sort","valueInteger":999999999},{"url":"http://hl7.org/fhir/StructureDefinition/implementationguide-page","valueUri":"Library-IMMZVaccineLibrary.html"}],"reference":{"reference":"Library/IMMZVaccineLibrary"},"name":"IMMZVaccineLibrary","exampleBoolean":false,"groupingId":"-ka-library"},{"extension":[{"url":"http://hl7.org/fhir/tools/StructureDefinition/resource-sort","valueInteger":999999999},{"url":"http://hl7.org/fhir/StructureDefinition/implementationguide-page","valueUri":"Library-WHOCommon.html"}],"reference":{"reference":"Library/WHOCommon"},"name":"WHOCommon","exampleBoolean":false,"groupingId":"-ka-library"},{"extension":[{"url":"http://hl7.org/fhir/tools/StructureDefinition/resource-sort","valueInteger":999999999},{"url":"http://hl7.org/fhir/StructureDefinition/implementationguide-page","valueUri":"Library-WHOConcepts.html"}],"reference":{"reference":"Library/WHOConcepts"},"name":"WHOConcepts","exampleBoolean":false,"groupingId":"-ka-library"},{"extension":[{"url":"http://hl7.org/fhir/tools/StructureDefinition/resource-sort","valueInteger":999999999},{"url":"http://hl7.org/fhir/StructureDefinition/implementationguide-page","valueUri":"StructureDefinition-IMMZCRegisterClient.html"}],"reference":{"reference":"StructureDefinition/IMMZCRegisterClient"},"name":"IMMZ.C Register Client","description":"Data elements for the IMMZ.C Register Client Data Dictionary.","exampleBoolean":false,"groupingId":"-str-logicalmodel"},{"extension":[{"url":"http://hl7.org/fhir/tools/StructureDefinition/resource-sort","valueInteger":999999999},{"url":"http://hl7.org/fhir/StructureDefinition/implementationguide-page","valueUri":"StructureDefinition-IMMZD1ClientHistoryMeasles.html"}],"reference":{"reference":"StructureDefinition/IMMZD1ClientHistoryMeasles"},"name":"IMMZ.D1 Capture Client History for Measles","description":"Data elements for the IMMZ.D1 Capture Client History Data Dictionary for Measles.","exampleBoolean":false,"groupingId":"-str-logicalmodel"},{"extension":[{"url":"http://hl7.org/fhir/tools/StructureDefinition/resource-sort","valueInteger":999999999},{"url":"http://hl7.org/fhir/StructureDefinition/implementationguide-page","valueUri":"StructureDefinition-IMMZD4CheckContraindicationsMeasles.html"}],"reference":{"reference":"StructureDefinition/IMMZD4CheckContraindicationsMeasles"},"name":"IMMZ.D4 Check Contraindications for Measles","description":"Data elements for the IMMZ.D4 Check Contraindications Data Dictionary for Measles.","exampleBoolean":false,"groupingId":"-str-logicalmodel"},{"extension":[{"url":"http://hl7.org/fhir/tools/StructureDefinition/resource-sort","valueInteger":999999999},{"url":"http://hl7.org/fhir/StructureDefinition/implementationguide-page","valueUri":"Questionnaire-IMMZD1ClientHistoryMeasles.html"},{"extension":[{"url":"type","valueCode":"ValueSet"},{"url":"id","valueId":"IMMZ.D1.DE10"},{"url":"title","valueString":"ValueSet"},{"url":"description","valueString":"ValueSet for HIV Status for IMMZ.D1.DE10."}],"url":"http://hl7.org/fhir/tools/StructureDefinition/contained-resource-information"}],"reference":{"reference":"Questionnaire/IMMZD1ClientHistoryMeasles"},"name":"Capture Client History Questionnaire","description":"Immunization - Capture Client History Questionnaire","exampleBoolean":false,"groupingId":"-str-questionnaire"},{"extension":[{"url":"http://hl7.org/fhir/tools/StructureDefinition/resource-sort","valueInteger":999999999},{"url":"http://hl7.org/fhir/StructureDefinition/implementationguide-page","valueUri":"Questionnaire-IMMZD4CheckContraindicationsMeasles.html"},{"extension":[{"url":"type","valueCode":"ValueSet"},{"url":"id","valueId":"IMMZ.D4.DE161"},{"url":"title","valueString":"ValueSet"},{"url":"description","valueString":"ValueSet for Potential Contraindications for IMMZ.D4.DE161."}],"url":"http://hl7.org/fhir/tools/StructureDefinition/contained-resource-information"}],"reference":{"reference":"Questionnaire/IMMZD4CheckContraindicationsMeasles"},"name":"Check Contraindications Questionnaire","description":"Immunization - Check Contraindications Questionnaire","exampleBoolean":false,"groupingId":"-str-questionnaire"},{"extension":[{"url":"http://hl7.org/fhir/tools/StructureDefinition/resource-sort","valueInteger":999999999},{"url":"http://hl7.org/fhir/StructureDefinition/implementationguide-page","valueUri":"Questionnaire-IMMZCRegisterClient.html"},{"extension":[{"url":"type","valueCode":"ValueSet"},{"url":"id","valueId":"IMMZ.C.DE5"},{"url":"title","valueString":"ValueSet"},{"url":"description","valueString":"ValueSet for Sex for IMMZ.C.DE5."}],"url":"http://hl7.org/fhir/tools/StructureDefinition/contained-resource-information"}],"reference":{"reference":"Questionnaire/IMMZCRegisterClient"},"name":"Client Registration Questionnaire","description":"Immunization - Client Registration Questionnaire","exampleBoolean":false,"groupingId":"-str-questionnaire"},{"extension":[{"url":"http://hl7.org/fhir/tools/StructureDefinition/resource-sort","valueInteger":999999999},{"url":"http://hl7.org/fhir/StructureDefinition/implementationguide-page","valueUri":"StructureDefinition-consenttocontact.html"}],"reference":{"reference":"StructureDefinition/consenttocontact"},"name":"Communication consent","description":"Indication that client gave consent to be contacted","exampleBoolean":false,"groupingId":"-str-extension"},{"extension":[{"url":"http://hl7.org/fhir/tools/StructureDefinition/resource-sort","valueInteger":999999999},{"url":"http://hl7.org/fhir/StructureDefinition/implementationguide-page","valueUri":"StructureDefinition-estimatedage.html"}],"reference":{"reference":"StructureDefinition/estimatedage"},"name":"Estimated age","description":"If DOB is unknown, enter the client's age. Note displaying the client's age in years.","exampleBoolean":false,"groupingId":"-str-extension"},{"extension":[{"url":"http://hl7.org/fhir/tools/StructureDefinition/resource-sort","valueInteger":999999999},{"url":"http://hl7.org/fhir/StructureDefinition/implementationguide-page","valueUri":"StructureDefinition-educationlevel.html"}],"reference":{"reference":"StructureDefinition/educationlevel"},"name":"Highest level of education achieved","description":"The highest level of school the client has reached.","exampleBoolean":false,"groupingId":"-str-extension"},{"extension":[{"url":"http://hl7.org/fhir/tools/StructureDefinition/resource-sort","valueInteger":999999999},{"url":"http://hl7.org/fhir/StructureDefinition/implementationguide-page","valueUri":"StructureDefinition-insurance.html"}],"reference":{"reference":"StructureDefinition/insurance"},"name":"Insurance coverage","description":"Does the client have insurance coverage?","exampleBoolean":false,"groupingId":"-str-extension"},{"extension":[{"url":"http://hl7.org/fhir/tools/StructureDefinition/resource-sort","valueInteger":999999999},{"url":"http://hl7.org/fhir/StructureDefinition/implementationguide-page","valueUri":"StructureDefinition-stage.html"}],"reference":{"reference":"StructureDefinition/stage"},"name":"Miscarriage or abortion stage of pregnancy","description":"If the woman recently had a miscarriage or abortion, when in the pregnancy the abortion took place.","exampleBoolean":false,"groupingId":"-str-extension"},{"extension":[{"url":"http://hl7.org/fhir/tools/StructureDefinition/resource-sort","valueInteger":999999999},{"url":"http://hl7.org/fhir/StructureDefinition/implementationguide-page","valueUri":"StructureDefinition-occupation.html"}],"reference":{"reference":"StructureDefinition/occupation"},"name":"Occupation","exampleBoolean":false,"groupingId":"-str-extension"},{"extension":[{"url":"http://hl7.org/fhir/tools/StructureDefinition/resource-sort","valueInteger":999999999},{"url":"http://hl7.org/fhir/StructureDefinition/implementationguide-page","valueUri":"StructureDefinition-method.html"}],"reference":{"reference":"StructureDefinition/method"},"name":"Payment method","exampleBoolean":false,"groupingId":"-str-extension"},{"extension":[{"url":"http://hl7.org/fhir/tools/StructureDefinition/resource-sort","valueInteger":999999999},{"url":"http://hl7.org/fhir/StructureDefinition/implementationguide-page","valueUri":"StructureDefinition-requestertype.html"}],"reference":{"reference":"StructureDefinition/requestertype"},"name":"Referred by","description":"How the client was referred","exampleBoolean":false,"groupingId":"-str-extension"},{"extension":[{"url":"http://hl7.org/fhir/tools/StructureDefinition/resource-sort","valueInteger":999999999},{"url":"http://hl7.org/fhir/StructureDefinition/implementationguide-page","valueUri":"StructureDefinition-reminder.html"}],"reference":{"reference":"StructureDefinition/reminder"},"name":"Reminder messages","description":"Whether client wants to receive text or other messages as follow-up for family planning","exampleBoolean":false,"groupingId":"-str-extension"},{"extension":[{"url":"http://hl7.org/fhir/tools/StructureDefinition/resource-sort","valueInteger":999999999},{"url":"http://hl7.org/fhir/StructureDefinition/implementationguide-page","valueUri":"ValueSet-ARVDrugs-values.html"}],"reference":{"reference":"ValueSet/ARVDrugs-values"},"name":"ARV Drugs values","description":"Codes representing ARV Drugs values","exampleBoolean":false,"groupingId":"-term-valueset"},{"extension":[{"url":"http://hl7.org/fhir/tools/StructureDefinition/resource-sort","valueInteger":999999999},{"url":"http://hl7.org/fhir/StructureDefinition/implementationguide-page","valueUri":"ValueSet-Birthweight-values.html"}],"reference":{"reference":"ValueSet/Birthweight-values"},"name":"Birthweight valueset","description":"Codes representing Birthweight values","exampleBoolean":false,"groupingId":"-term-valueset"},{"extension":[{"url":"http://hl7.org/fhir/tools/StructureDefinition/resource-sort","valueInteger":999999999},{"url":"http://hl7.org/fhir/StructureDefinition/implementationguide-page","valueUri":"ValueSet-active-condition.html"}],"reference":{"reference":"ValueSet/active-condition"},"name":"CQF Active Condition","description":"Active condition clinical status codes","exampleBoolean":false,"groupingId":"-term-valueset"},{"extension":[{"url":"http://hl7.org/fhir/tools/StructureDefinition/resource-sort","valueInteger":999999999},{"url":"http://hl7.org/fhir/StructureDefinition/implementationguide-page","valueUri":"ValueSet-inactive-condition.html"}],"reference":{"reference":"ValueSet/inactive-condition"},"name":"CQF Inactive Condition","description":"Inactive condition clinical status codes","exampleBoolean":false,"groupingId":"-term-valueset"},{"extension":[{"url":"http://hl7.org/fhir/tools/StructureDefinition/resource-sort","valueInteger":999999999},{"url":"http://hl7.org/fhir/StructureDefinition/implementationguide-page","valueUri":"ValueSet-devicebirthcontrolmethods-values.html"}],"reference":{"reference":"ValueSet/devicebirthcontrolmethods-values"},"name":"Contraceptive history - Device-based values","description":"Codes representing possible values for the Contraceptive history - Device-based element","exampleBoolean":false,"groupingId":"-term-valueset"},{"extension":[{"url":"http://hl7.org/fhir/tools/StructureDefinition/resource-sort","valueInteger":999999999},{"url":"http://hl7.org/fhir/StructureDefinition/implementationguide-page","valueUri":"ValueSet-current-medications-values.html"}],"reference":{"reference":"ValueSet/current-medications-values"},"name":"Current medications values","description":"Codes representing possible values for the Current medications element","exampleBoolean":false,"groupingId":"-term-valueset"},{"extension":[{"url":"http://hl7.org/fhir/tools/StructureDefinition/resource-sort","valueInteger":999999999},{"url":"http://hl7.org/fhir/StructureDefinition/implementationguide-page","valueUri":"ValueSet-drug-allergies-values.html"}],"reference":{"reference":"ValueSet/drug-allergies-values"},"name":"Drug allergies values","description":"Codes representing possible values for the Drug allergies element","exampleBoolean":false,"groupingId":"-term-valueset"},{"extension":[{"url":"http://hl7.org/fhir/tools/StructureDefinition/resource-sort","valueInteger":999999999},{"url":"http://hl7.org/fhir/StructureDefinition/implementationguide-page","valueUri":"ValueSet-gender-values.html"}],"reference":{"reference":"ValueSet/gender-values"},"name":"Gender values","description":"Codes representing possible values for the Gender element","exampleBoolean":false,"groupingId":"-term-valueset"},{"extension":[{"url":"http://hl7.org/fhir/tools/StructureDefinition/resource-sort","valueInteger":999999999},{"url":"http://hl7.org/fhir/StructureDefinition/implementationguide-page","valueUri":"ValueSet-hiv-stage-values.html"}],"reference":{"reference":"ValueSet/hiv-stage-values"},"name":"HIV Stage values","description":"Codes representing possible values for the HIV Stage element","exampleBoolean":false,"groupingId":"-term-valueset"},{"extension":[{"url":"http://hl7.org/fhir/tools/StructureDefinition/resource-sort","valueInteger":999999999},{"url":"http://hl7.org/fhir/StructureDefinition/implementationguide-page","valueUri":"ValueSet-hiv-test-result-values.html"}],"reference":{"reference":"ValueSet/hiv-test-result-values"},"name":"HIV Test Result values","description":"Codes representing possible values for the HIV Test Result element","exampleBoolean":false,"groupingId":"-term-valueset"},{"extension":[{"url":"http://hl7.org/fhir/tools/StructureDefinition/resource-sort","valueInteger":999999999},{"url":"http://hl7.org/fhir/StructureDefinition/implementationguide-page","valueUri":"ValueSet-anc-b9-de45.html"}],"reference":{"reference":"ValueSet/anc-b9-de45"},"name":"HIV status","description":"Codes representing possible values for the HIV status element","exampleBoolean":false,"groupingId":"-term-valueset"},{"extension":[{"url":"http://hl7.org/fhir/tools/StructureDefinition/resource-sort","valueInteger":999999999},{"url":"http://hl7.org/fhir/StructureDefinition/implementationguide-page","valueUri":"ValueSet-anc-b9-de47.html"}],"reference":{"reference":"ValueSet/anc-b9-de47"},"name":"HIV status - HIV negative Choices","description":"Codes representing possible values for the HIV status - HIV negative Choices element","exampleBoolean":false,"groupingId":"-term-valueset"},{"extension":[{"url":"http://hl7.org/fhir/tools/StructureDefinition/resource-sort","valueInteger":999999999},{"url":"http://hl7.org/fhir/StructureDefinition/implementationguide-page","valueUri":"ValueSet-anc-b9-de46.html"}],"reference":{"reference":"ValueSet/anc-b9-de46"},"name":"HIV status - HIV positive Choices","description":"Codes representing possible values for the HIV status - HIV positive Choices element","exampleBoolean":false,"groupingId":"-term-valueset"},{"extension":[{"url":"http://hl7.org/fhir/tools/StructureDefinition/resource-sort","valueInteger":999999999},{"url":"http://hl7.org/fhir/StructureDefinition/implementationguide-page","valueUri":"ValueSet-HIVstatus-values.html"}],"reference":{"reference":"ValueSet/HIVstatus-values"},"name":"HIV status values","description":"Codes representing HIV status values","exampleBoolean":false,"groupingId":"-term-valueset"},{"extension":[{"url":"http://hl7.org/fhir/tools/StructureDefinition/resource-sort","valueInteger":999999999},{"url":"http://hl7.org/fhir/StructureDefinition/implementationguide-page","valueUri":"ValueSet-highest-level-of-education-achieved-values.html"}],"reference":{"reference":"ValueSet/highest-level-of-education-achieved-values"},"name":"Highest level of education achieved values","description":"Codes representing possible values for the Highest level of education achieved element","exampleBoolean":false,"groupingId":"-term-valueset"},{"extension":[{"url":"http://hl7.org/fhir/tools/StructureDefinition/resource-sort","valueInteger":999999999},{"url":"http://hl7.org/fhir/StructureDefinition/implementationguide-page","valueUri":"ValueSet-IMMZ.C.DE5.html"}],"reference":{"reference":"ValueSet/IMMZ.C.DE5"},"name":"IMMZ.C.DE5 ValueSet for Sex","description":"ValueSet for Sex for IMMZ.C.DE5.","exampleBoolean":false,"groupingId":"-term-valueset"},{"extension":[{"url":"http://hl7.org/fhir/tools/StructureDefinition/resource-sort","valueInteger":999999999},{"url":"http://hl7.org/fhir/StructureDefinition/implementationguide-page","valueUri":"ValueSet-IMMZ.D1.DE10.html"}],"reference":{"reference":"ValueSet/IMMZ.D1.DE10"},"name":"IMMZ.D1.DE10 ValueSet for HIV Status","description":"ValueSet for HIV Status for IMMZ.D1.DE10.","exampleBoolean":false,"groupingId":"-term-valueset"},{"extension":[{"url":"http://hl7.org/fhir/tools/StructureDefinition/resource-sort","valueInteger":999999999},{"url":"http://hl7.org/fhir/StructureDefinition/implementationguide-page","valueUri":"ValueSet-IMMZ.D1.DE35.html"}],"reference":{"reference":"ValueSet/IMMZ.D1.DE35"},"name":"IMMZ.D1.DE35 ValueSet for Type of polio dose","description":"ValueSet for Type of polio dose for IMMZ.D1.DE35.","exampleBoolean":false,"groupingId":"-term-valueset"},{"extension":[{"url":"http://hl7.org/fhir/tools/StructureDefinition/resource-sort","valueInteger":999999999},{"url":"http://hl7.org/fhir/StructureDefinition/implementationguide-page","valueUri":"ValueSet-IMMZ.D1.DE52.html"}],"reference":{"reference":"ValueSet/IMMZ.D1.DE52"},"name":"IMMZ.D1.DE52 ValueSet for Type of last JE dose","description":"ValueSet for Type of last JE dose for IMMZ.D1.DE52.","exampleBoolean":false,"groupingId":"-term-valueset"},{"extension":[{"url":"http://hl7.org/fhir/tools/StructureDefinition/resource-sort","valueInteger":999999999},{"url":"http://hl7.org/fhir/StructureDefinition/implementationguide-page","valueUri":"ValueSet-IMMZ.D1.DE56.html"}],"reference":{"reference":"ValueSet/IMMZ.D1.DE56"},"name":"IMMZ.D1.DE56 ValueSet for Type of last TBE dose","description":"ValueSet for Type of last TBE dose for IMMZ.D1.DE56.","exampleBoolean":false,"groupingId":"-term-valueset"},{"extension":[{"url":"http://hl7.org/fhir/tools/StructureDefinition/resource-sort","valueInteger":999999999},{"url":"http://hl7.org/fhir/StructureDefinition/implementationguide-page","valueUri":"ValueSet-IMMZ.D1.DE61.html"}],"reference":{"reference":"ValueSet/IMMZ.D1.DE61"},"name":"IMMZ.D1.DE61 ValueSet for Type of last typhoid dose","description":"ValueSet for Type of last typhoid dose for IMMZ.D1.DE61.","exampleBoolean":false,"groupingId":"-term-valueset"},{"extension":[{"url":"http://hl7.org/fhir/tools/StructureDefinition/resource-sort","valueInteger":999999999},{"url":"http://hl7.org/fhir/StructureDefinition/implementationguide-page","valueUri":"ValueSet-IMMZ.D1.DE65.html"}],"reference":{"reference":"ValueSet/IMMZ.D1.DE65"},"name":"IMMZ.D1.DE65 ValueSet for Type of last cholera dose","description":"ValueSet for Type of last cholera dose for IMMZ.D1.DE65.","exampleBoolean":false,"groupingId":"-term-valueset"},{"extension":[{"url":"http://hl7.org/fhir/tools/StructureDefinition/resource-sort","valueInteger":999999999},{"url":"http://hl7.org/fhir/StructureDefinition/implementationguide-page","valueUri":"ValueSet-IMMZ.D1.DE68.html"}],"reference":{"reference":"ValueSet/IMMZ.D1.DE68"},"name":"IMMZ.D1.DE68 ValueSet for Type of last meningococcal dose","description":"ValueSet for Type of last meningococcal dose for IMMZ.D1.DE68.","exampleBoolean":false,"groupingId":"-term-valueset"},{"extension":[{"url":"http://hl7.org/fhir/tools/StructureDefinition/resource-sort","valueInteger":999999999},{"url":"http://hl7.org/fhir/StructureDefinition/implementationguide-page","valueUri":"ValueSet-IMMZ.D1.DE73.html"}],"reference":{"reference":"ValueSet/IMMZ.D1.DE73"},"name":"IMMZ.D1.DE73 ValueSet for Type of last hepatitis A dose","description":"ValueSet for Type of last hepatitis A dose for IMMZ.D1.DE73.","exampleBoolean":false,"groupingId":"-term-valueset"},{"extension":[{"url":"http://hl7.org/fhir/tools/StructureDefinition/resource-sort","valueInteger":999999999},{"url":"http://hl7.org/fhir/StructureDefinition/implementationguide-page","valueUri":"ValueSet-IMMZ.D1.DE84.html"}],"reference":{"reference":"ValueSet/IMMZ.D1.DE84"},"name":"IMMZ.D1.DE84 ValueSet for Type of TB infection test performed","description":"ValueSet for Type of TB infection test performed for IMMZ.D1.DE84.","exampleBoolean":false,"groupingId":"-term-valueset"},{"extension":[{"url":"http://hl7.org/fhir/tools/StructureDefinition/resource-sort","valueInteger":999999999},{"url":"http://hl7.org/fhir/StructureDefinition/implementationguide-page","valueUri":"ValueSet-IMMZ.D1.DE87.html"}],"reference":{"reference":"ValueSet/IMMZ.D1.DE87"},"name":"IMMZ.D1.DE87 ValueSet for TB infection test result","description":"ValueSet for TB infection test result for IMMZ.D1.DE87.","exampleBoolean":false,"groupingId":"-term-valueset"},{"extension":[{"url":"http://hl7.org/fhir/tools/StructureDefinition/resource-sort","valueInteger":999999999},{"url":"http://hl7.org/fhir/StructureDefinition/implementationguide-page","valueUri":"ValueSet-IMMZ.D4.DE161.html"}],"reference":{"reference":"ValueSet/IMMZ.D4.DE161"},"name":"IMMZ.D4.DE161 ValueSet for Potential Contraindications","description":"ValueSet for Potential Contraindications for IMMZ.D4.DE161.","exampleBoolean":false,"groupingId":"-term-valueset"},{"extension":[{"url":"http://hl7.org/fhir/tools/StructureDefinition/resource-sort","valueInteger":999999999},{"url":"http://hl7.org/fhir/StructureDefinition/implementationguide-page","valueUri":"ValueSet-Immunocompromised-values.html"}],"reference":{"reference":"ValueSet/Immunocompromised-values"},"name":"Immunocompromised valueset","description":"Codes representing Immunocompromised values","exampleBoolean":false,"groupingId":"-term-valueset"},{"extension":[{"url":"http://hl7.org/fhir/tools/StructureDefinition/resource-sort","valueInteger":999999999},{"url":"http://hl7.org/fhir/StructureDefinition/implementationguide-page","valueUri":"ValueSet-marital-status-values.html"}],"reference":{"reference":"ValueSet/marital-status-values"},"name":"Marital Status values","description":"Codes representing possible values for the Marital Status element","exampleBoolean":false,"groupingId":"-term-valueset"},{"extension":[{"url":"http://hl7.org/fhir/tools/StructureDefinition/resource-sort","valueInteger":999999999},{"url":"http://hl7.org/fhir/StructureDefinition/implementationguide-page","valueUri":"ValueSet-IMMZ.A1.DE9.html"}],"reference":{"reference":"ValueSet/IMMZ.A1.DE9"},"name":"Measles","exampleBoolean":false,"groupingId":"-term-valueset"},{"extension":[{"url":"http://hl7.org/fhir/tools/StructureDefinition/resource-sort","valueInteger":999999999},{"url":"http://hl7.org/fhir/StructureDefinition/implementationguide-page","valueUri":"ValueSet-medicationbirthcontrolmethods-values.html"}],"reference":{"reference":"ValueSet/medicationbirthcontrolmethods-values"},"name":"Medication-based Birth control method reported at intake values","description":"Codes representing possible values for the Medication-based Birth control method reported at intake element","exampleBoolean":false,"groupingId":"-term-valueset"},{"extension":[{"url":"http://hl7.org/fhir/tools/StructureDefinition/resource-sort","valueInteger":999999999},{"url":"http://hl7.org/fhir/StructureDefinition/implementationguide-page","valueUri":"ValueSet-miscarriage-or-abortion-values.html"}],"reference":{"reference":"ValueSet/miscarriage-or-abortion-values"},"name":"Miscarriage or Abortion values","description":"Codes representing possible values for the Miscarriage or Abortion element","exampleBoolean":false,"groupingId":"-term-valueset"},{"extension":[{"url":"http://hl7.org/fhir/tools/StructureDefinition/resource-sort","valueInteger":999999999},{"url":"http://hl7.org/fhir/StructureDefinition/implementationguide-page","valueUri":"ValueSet-miscarriage-or-abortion-stage-of-pregnancy-values.html"}],"reference":{"reference":"ValueSet/miscarriage-or-abortion-stage-of-pregnancy-values"},"name":"Miscarriage or abortion stage of pregnancy values","description":"Codes representing possible values for the Miscarriage or abortion stage of pregnancy element","exampleBoolean":false,"groupingId":"-term-valueset"},{"extension":[{"url":"http://hl7.org/fhir/tools/StructureDefinition/resource-sort","valueInteger":999999999},{"url":"http://hl7.org/fhir/StructureDefinition/implementationguide-page","valueUri":"ValueSet-Negativetestresult-values.html"}],"reference":{"reference":"ValueSet/Negativetestresult-values"},"name":"Negative Test Results","description":"Codes representing negative test result values","exampleBoolean":false,"groupingId":"-term-valueset"},{"extension":[{"url":"http://hl7.org/fhir/tools/StructureDefinition/resource-sort","valueInteger":999999999},{"url":"http://hl7.org/fhir/StructureDefinition/implementationguide-page","valueUri":"ValueSet-occupation-values.html"}],"reference":{"reference":"ValueSet/occupation-values"},"name":"Occupation values","description":"Codes representing possible values for the Occupation element","exampleBoolean":false,"groupingId":"-term-valueset"},{"extension":[{"url":"http://hl7.org/fhir/tools/StructureDefinition/resource-sort","valueInteger":999999999},{"url":"http://hl7.org/fhir/StructureDefinition/implementationguide-page","valueUri":"ValueSet-payment-method-values.html"}],"reference":{"reference":"ValueSet/payment-method-values"},"name":"Payment method values","description":"Codes representing possible values for the Payment method element","exampleBoolean":false,"groupingId":"-term-valueset"},{"extension":[{"url":"http://hl7.org/fhir/tools/StructureDefinition/resource-sort","valueInteger":999999999},{"url":"http://hl7.org/fhir/StructureDefinition/implementationguide-page","valueUri":"ValueSet-PositiveTestResult-values.html"}],"reference":{"reference":"ValueSet/PositiveTestResult-values"},"name":"Positive Test Result valuest","description":"Codes representing Positive Test Result values","exampleBoolean":false,"groupingId":"-term-valueset"},{"extension":[{"url":"http://hl7.org/fhir/tools/StructureDefinition/resource-sort","valueInteger":999999999},{"url":"http://hl7.org/fhir/StructureDefinition/implementationguide-page","valueUri":"ValueSet-pregnancystatuspregnant-values.html"}],"reference":{"reference":"ValueSet/pregnancystatuspregnant-values"},"name":"Pregnancy status pregnant values","description":"Codes representing possible values for the Pregnancy status as pregnant","exampleBoolean":false,"groupingId":"-term-valueset"},{"extension":[{"url":"http://hl7.org/fhir/tools/StructureDefinition/resource-sort","valueInteger":999999999},{"url":"http://hl7.org/fhir/StructureDefinition/implementationguide-page","valueUri":"ValueSet-pregnancystatus-values.html"}],"reference":{"reference":"ValueSet/pregnancystatus-values"},"name":"Pregnancy status values","description":"Codes representing possible values for the Pregnancy status element","exampleBoolean":false,"groupingId":"-term-valueset"},{"extension":[{"url":"http://hl7.org/fhir/tools/StructureDefinition/resource-sort","valueInteger":999999999},{"url":"http://hl7.org/fhir/StructureDefinition/implementationguide-page","valueUri":"ValueSet-careplanbirthcontrolmethods-values.html"}],"reference":{"reference":"ValueSet/careplanbirthcontrolmethods-values"},"name":"Prior contraceptive methods used - CarePlan-based values","description":"Codes representing possible values for the Prior contraceptive methods used - CarePlan-based element","exampleBoolean":false,"groupingId":"-term-valueset"},{"extension":[{"url":"http://hl7.org/fhir/tools/StructureDefinition/resource-sort","valueInteger":999999999},{"url":"http://hl7.org/fhir/StructureDefinition/implementationguide-page","valueUri":"ValueSet-procedurebirthcontrolmethods-values.html"}],"reference":{"reference":"ValueSet/procedurebirthcontrolmethods-values"},"name":"Prior contraceptive methods used - Procedure-based values","description":"Codes representing possible values for the Prior contraceptive methods used - Procedure-based element","exampleBoolean":false,"groupingId":"-term-valueset"},{"extension":[{"url":"http://hl7.org/fhir/tools/StructureDefinition/resource-sort","valueInteger":999999999},{"url":"http://hl7.org/fhir/StructureDefinition/implementationguide-page","valueUri":"ValueSet-nobirthcontrolmethod-values.html"}],"reference":{"reference":"ValueSet/nobirthcontrolmethod-values"},"name":"Reason for no contraceptive method - Reported at intake values","description":"Codes representing possible values for the Reason for no contraceptive method - Reported at intake element","exampleBoolean":false,"groupingId":"-term-valueset"},{"extension":[{"url":"http://hl7.org/fhir/tools/StructureDefinition/resource-sort","valueInteger":999999999},{"url":"http://hl7.org/fhir/StructureDefinition/implementationguide-page","valueUri":"ValueSet-reason-for-referral-values.html"}],"reference":{"reference":"ValueSet/reason-for-referral-values"},"name":"Reason for referral values","description":"Codes representing possible values for the Reason for referral element","exampleBoolean":false,"groupingId":"-term-valueset"},{"extension":[{"url":"http://hl7.org/fhir/tools/StructureDefinition/resource-sort","valueInteger":999999999},{"url":"http://hl7.org/fhir/StructureDefinition/implementationguide-page","valueUri":"ValueSet-referred-by-values.html"}],"reference":{"reference":"ValueSet/referred-by-values"},"name":"Referred by values","description":"Codes representing possible values for the Referred by element","exampleBoolean":false,"groupingId":"-term-valueset"},{"extension":[{"url":"http://hl7.org/fhir/tools/StructureDefinition/resource-sort","valueInteger":999999999},{"url":"http://hl7.org/fhir/StructureDefinition/implementationguide-page","valueUri":"ValueSet-adverse-event-type.html"}],"reference":{"reference":"ValueSet/adverse-event-type"},"name":"SNOMED CT Clinical Findings","description":"This value set includes all SNOMED CT Clinical Findings.","exampleBoolean":false,"groupingId":"-term-valueset"},{"extension":[{"url":"http://hl7.org/fhir/tools/StructureDefinition/resource-sort","valueInteger":999999999},{"url":"http://hl7.org/fhir/StructureDefinition/implementationguide-page","valueUri":"ValueSet-sti-risk-assessment-factors-values.html"}],"reference":{"reference":"ValueSet/sti-risk-assessment-factors-values"},"name":"STI risk assessment factors values","description":"Codes representing possible values for the STI risk assessment factors element","exampleBoolean":false,"groupingId":"-term-valueset"},{"extension":[{"url":"http://hl7.org/fhir/tools/StructureDefinition/resource-sort","valueInteger":999999999},{"url":"http://hl7.org/fhir/StructureDefinition/implementationguide-page","valueUri":"ValueSet-LiveAttenuatedVaccines.html"}],"reference":{"reference":"ValueSet/LiveAttenuatedVaccines"},"name":"Set of live attenuated vaccines","description":"Codes representing live attenuated vaccines","exampleBoolean":false,"groupingId":"-term-valueset"},{"extension":[{"url":"http://hl7.org/fhir/tools/StructureDefinition/resource-sort","valueInteger":999999999},{"url":"http://hl7.org/fhir/StructureDefinition/implementationguide-page","valueUri":"ValueSet-visit-type-values.html"}],"reference":{"reference":"ValueSet/visit-type-values"},"name":"Visit type values","description":"Codes representing possible values for the Visit type element","exampleBoolean":false,"groupingId":"-term-valueset"},{"extension":[{"url":"http://hl7.org/fhir/tools/StructureDefinition/resource-sort","valueInteger":999999999},{"url":"http://hl7.org/fhir/StructureDefinition/implementationguide-page","valueUri":"ValueSet-whoatc-uv-ips.html"}],"reference":{"reference":"ValueSet/whoatc-uv-ips"},"name":"WHO ATC - IPS","description":"World Health Organization Anatomical Therapeutic Chemical (ATC) classification system.  Note: The currently implemented code system and the value set expansion contain only a set of example ATC codes, not the complete code system content.","exampleBoolean":false,"groupingId":"-term-valueset"},{"extension":[{"url":"http://hl7.org/fhir/tools/StructureDefinition/resource-sort","valueInteger":999999999},{"url":"http://hl7.org/fhir/StructureDefinition/implementationguide-page","valueUri":"CodeSystem-IMMZ.C.html"}],"reference":{"reference":"CodeSystem/IMMZ.C"},"name":"IMMZ.C CodeSystem for Data Elements","description":"CodeSystem for IMMZ.C Data Elements","exampleBoolean":false,"groupingId":"-term-codesystem"},{"extension":[{"url":"http://hl7.org/fhir/tools/StructureDefinition/resource-sort","valueInteger":999999999},{"url":"http://hl7.org/fhir/StructureDefinition/implementationguide-page","valueUri":"CodeSystem-IMMZ.D1.html"}],"reference":{"reference":"CodeSystem/IMMZ.D1"},"name":"IMMZ.D1 CodeSystem for Data Elements","description":"CodeSystem for IMMZ.C Data Elements","exampleBoolean":false,"groupingId":"-term-codesystem"},{"extension":[{"url":"http://hl7.org/fhir/tools/StructureDefinition/resource-sort","valueInteger":999999999},{"url":"http://hl7.org/fhir/StructureDefinition/implementationguide-page","valueUri":"CodeSystem-IMMZ.D4.html"}],"reference":{"reference":"CodeSystem/IMMZ.D4"},"name":"IMMZ.D4 CodeSystem for Check Contraindications Data Elements","description":"CodeSystem for IMMZ.D4 Check Contraindications Data Elements","exampleBoolean":false,"groupingId":"-term-codesystem"},{"extension":[{"url":"http://hl7.org/fhir/tools/StructureDefinition/resource-sort","valueInteger":999999999},{"url":"http://hl7.org/fhir/StructureDefinition/implementationguide-page","valueUri":"CodeSystem-extended-content-codes.html"}],"reference":{"reference":"CodeSystem/extended-content-codes"},"name":"WHO Extended Codes CodeSystem codes","description":"Set of codes identified as being needed but not found in existing Code Systems","exampleBoolean":false,"groupingId":"-term-codesystem"},{"extension":[{"url":"http://hl7.org/fhir/tools/StructureDefinition/resource-sort","valueInteger":999999999},{"url":"http://hl7.org/fhir/StructureDefinition/implementationguide-page","valueUri":"StructureMap-IMMZCLMToPatient.html"}],"reference":{"reference":"StructureMap/IMMZCLMToPatient"},"groupingId":"-map-structuremap"},{"extension":[{"url":"http://hl7.org/fhir/tools/StructureDefinition/resource-sort","valueInteger":999999999},{"url":"http://hl7.org/fhir/StructureDefinition/implementationguide-page","valueUri":"StructureMap-IMMZCQRToLM.html"}],"reference":{"reference":"StructureMap/IMMZCQRToLM"},"groupingId":"-map-structuremap"},{"extension":[{"url":"http://hl7.org/fhir/tools/StructureDefinition/resource-sort","valueInteger":999999999},{"url":"http://hl7.org/fhir/StructureDefinition/implementationguide-page","valueUri":"StructureMap-IMMZCQRToPatient.html"}],"reference":{"reference":"StructureMap/IMMZCQRToPatient"},"groupingId":"-map-structuremap"},{"extension":[{"url":"http://hl7.org/fhir/tools/StructureDefinition/resource-sort","valueInteger":999999999},{"url":"http://hl7.org/fhir/StructureDefinition/implementationguide-page","valueUri":"StructureMap-IMMZD4LMToResources.html"}],"reference":{"reference":"StructureMap/IMMZD4LMToResources"},"groupingId":"-map-structuremap"},{"extension":[{"url":"http://hl7.org/fhir/tools/StructureDefinition/resource-sort","valueInteger":999999999},{"url":"http://hl7.org/fhir/StructureDefinition/implementationguide-page","valueUri":"StructureMap-IMMZD4QRToLM.html"}],"reference":{"reference":"StructureMap/IMMZD4QRToLM"},"groupingId":"-map-structuremap"},{"extension":[{"url":"http://hl7.org/fhir/tools/StructureDefinition/resource-sort","valueInteger":999999999},{"url":"http://hl7.org/fhir/StructureDefinition/implementationguide-page","valueUri":"StructureMap-IMMZD4QRToResources.html"}],"reference":{"reference":"StructureMap/IMMZD4QRToResources"},"groupingId":"-map-structuremap"},{"extension":[{"url":"http://hl7.org/fhir/tools/StructureDefinition/resource-sort","valueInteger":999999999},{"url":"http://hl7.org/fhir/StructureDefinition/implementationguide-page","valueUri":"ConceptMap-IMMZ.C.SexToAdministrativeGender.html"}],"reference":{"reference":"ConceptMap/IMMZ.C.SexToAdministrativeGender"},"name":"ConceptMap to and From IMMZ.C sex to administrative gender","description":"Mapping to and from IMMZ.C sex coding to FHIR Administrative Gender.","exampleBoolean":false,"groupingId":"-map-conceptmap"},{"extension":[{"url":"http://hl7.org/fhir/tools/StructureDefinition/resource-sort","valueInteger":999999999},{"url":"http://hl7.org/fhir/StructureDefinition/implementationguide-page","valueUri":"ConceptMap-IMMZ.C.ConceptMap.html"}],"reference":{"reference":"ConceptMap/IMMZ.C.ConceptMap"},"name":"ConceptMap to and from IMMZ.C DataElements","description":"Mapping to and from IMMZ.C Data Dictionary to other codesystems.","exampleBoolean":false,"groupingId":"-map-conceptmap"},{"extension":[{"url":"http://hl7.org/fhir/tools/StructureDefinition/resource-sort","valueInteger":999999999},{"url":"http://hl7.org/fhir/StructureDefinition/implementationguide-page","valueUri":"ConceptMap-IMMZ.D1.ConceptMap.html"}],"reference":{"reference":"ConceptMap/IMMZ.D1.ConceptMap"},"name":"ConceptMap to and from IMMZ.D1 DataElements","description":"Mapping to and from IMMZ.D1 Data Dictionary to other codesystems.","exampleBoolean":false,"groupingId":"-map-conceptmap"},{"extension":[{"url":"http://hl7.org/fhir/tools/StructureDefinition/resource-sort","valueInteger":999999999},{"url":"http://hl7.org/fhir/StructureDefinition/implementationguide-page","valueUri":"ConceptMap-IMMZ.D4.ConceptMap.html"}],"reference":{"reference":"ConceptMap/IMMZ.D4.ConceptMap"},"name":"ConceptMap to and from IMMZ.D4 DataElements","description":"Mapping to and from IMMZ.D4 Data Dictionary to other codesystems.","exampleBoolean":false,"groupingId":"-map-conceptmap"},{"extension":[{"url":"http://hl7.org/fhir/tools/StructureDefinition/resource-sort","valueInteger":999999999},{"url":"http://hl7.org/fhir/StructureDefinition/implementationguide-page","valueUri":"QuestionnaireResponse-Example.IMMZ.C.QuestionnaireResponse.1.html"}],"reference":{"reference":"QuestionnaireResponse/Example.IMMZ.C.QuestionnaireResponse.1"},"name":"Example.IMMZ.C.QuestionnaireResponse.1","exampleBoolean":true,"groupingId":"-ex-example"},{"extension":[{"url":"http://hl7.org/fhir/tools/StructureDefinition/resource-sort","valueInteger":999999999},{"url":"http://hl7.org/fhir/StructureDefinition/implementationguide-page","valueUri":"QuestionnaireResponse-Example.IMMZ.D4.QuestionnaireResponse.1.html"}],"reference":{"reference":"QuestionnaireResponse/Example.IMMZ.D4.QuestionnaireResponse.1"},"name":"Example.IMMZ.D4.QuestionnaireResponse.1","exampleBoolean":true,"groupingId":"-ex-example"},{"extension":[{"url":"http://hl7.org/fhir/tools/StructureDefinition/resource-sort","valueInteger":999999999},{"url":"http://hl7.org/fhir/StructureDefinition/implementationguide-page","valueUri":"QuestionnaireResponse-Example.IMMZ.D4.QuestionnaireResponse.2.html"}],"reference":{"reference":"QuestionnaireResponse/Example.IMMZ.D4.QuestionnaireResponse.2"},"name":"Example.IMMZ.D4.QuestionnaireResponse.2","exampleBoolean":true,"groupingId":"-ex-example"},{"extension":[{"url":"http://hl7.org/fhir/tools/StructureDefinition/resource-sort","valueInteger":999999999},{"url":"http://hl7.org/fhir/StructureDefinition/implementationguide-page","valueUri":"QuestionnaireResponse-Example.IMMZ.D4.QuestionnaireResponse.3.html"}],"reference":{"reference":"QuestionnaireResponse/Example.IMMZ.D4.QuestionnaireResponse.3"},"name":"Example.IMMZ.D4.QuestionnaireResponse.3","exampleBoolean":true,"groupingId":"-ex-example"},{"extension":[{"url":"http://hl7.org/fhir/tools/StructureDefinition/resource-sort","valueInteger":999999999},{"url":"http://hl7.org/fhir/StructureDefinition/implementationguide-page","valueUri":"QuestionnaireResponse-Example.IMMZ.D4.QuestionnaireResponse.4.html"}],"reference":{"reference":"QuestionnaireResponse/Example.IMMZ.D4.QuestionnaireResponse.4"},"name":"Example.IMMZ.D4.QuestionnaireResponse.4","exampleBoolean":true,"groupingId":"-ex-example"},{"extension":[{"url":"http://hl7.org/fhir/tools/StructureDefinition/resource-sort","valueInteger":999999999},{"url":"http://hl7.org/fhir/StructureDefinition/implementationguide-page","valueUri":"Measure-IMMZIND05.html"}],"reference":{"reference":"Measure/IMMZIND05"},"name":"IMMZIND05","description":"IMMZ.IND.05 Measles indicator for first dose.","exampleBoolean":true,"groupingId":"-ex-example"},{"extension":[{"url":"http://hl7.org/fhir/tools/StructureDefinition/resource-sort","valueInteger":999999999},{"url":"http://hl7.org/fhir/StructureDefinition/implementationguide-page","valueUri":"Measure-IMMZIND40.html"}],"reference":{"reference":"Measure/IMMZIND40"},"name":"IMMZIND40","description":"IMMZ.IND.40 Measles indicator for second dose.","exampleBoolean":true,"groupingId":"-ex-example"},{"extension":[{"url":"http://hl7.org/fhir/tools/StructureDefinition/resource-sort","valueInteger":999999999},{"url":"http://hl7.org/fhir/StructureDefinition/implementationguide-page","valueUri":"Patient-P123456.html"}],"reference":{"reference":"Patient/P123456"},"name":"patient123456","exampleBoolean":true,"groupingId":"-ex-example"},{"extension":[{"url":"http://hl7.org/fhir/tools/StructureDefinition/resource-sort","valueInteger":999999999},{"url":"http://hl7.org/fhir/StructureDefinition/implementationguide-page","valueUri":"Device-cqf-tooling.html"}],"reference":{"reference":"Device/cqf-tooling"},"name":"cqf-tooling","exampleBoolean":false,"groupingId":"-other"}],"page":{"extension":[{"url":"http://hl7.org/fhir/tools/StructureDefinition/ig-page-name","valueUrl":"toc.html"}],"nameUrl":"toc.html","title":"Table of Contents","generation":"html","page":[{"extension":[{"url":"http://hl7.org/fhir/tools/StructureDefinition/ig-page-name","valueUrl":"index.html"}],"nameUrl":"index.html","title":"Home","generation":"markdown","page":[{"extension":[{"url":"http://hl7.org/fhir/tools/StructureDefinition/ig-page-name","valueUrl":"changes.html"}],"nameUrl":"changes.html","title":"Changes","generation":"markdown"},{"extension":[{"url":"http://hl7.org/fhir/tools/StructureDefinition/ig-page-name","valueUrl":"dependencies.html"}],"nameUrl":"dependencies.html","title":"Dependencies","generation":"markdown"},{"extension":[{"url":"http://hl7.org/fhir/tools/StructureDefinition/ig-page-name","valueUrl":"references.html"}],"nameUrl":"references.html","title":"References","generation":"markdown"},{"extension":[{"url":"http://hl7.org/fhir/tools/StructureDefinition/ig-page-name","valueUrl":"adapting.html"}],"nameUrl":"adapting.html","title":"Adapting Guidelines for Country use","generation":"markdown"}]},{"extension":[{"url":"http://hl7.org/fhir/tools/StructureDefinition/ig-page-name","valueUrl":"business-requirements.html"}],"nameUrl":"business-requirements.html","title":"Business Requirements","generation":"markdown","page":[{"extension":[{"url":"http://hl7.org/fhir/tools/StructureDefinition/ig-page-name","valueUrl":"concepts.html"}],"nameUrl":"concepts.html","title":"Concepts","generation":"markdown"},{"extension":[{"url":"http://hl7.org/fhir/tools/StructureDefinition/ig-page-name","valueUrl":"personas.html"}],"nameUrl":"personas.html","title":"Generic Personas","generation":"markdown"},{"extension":[{"url":"http://hl7.org/fhir/tools/StructureDefinition/ig-page-name","valueUrl":"scenarios.html"}],"nameUrl":"scenarios.html","title":"User Scenarios","generation":"markdown"},{"extension":[{"url":"http://hl7.org/fhir/tools/StructureDefinition/ig-page-name","valueUrl":"business-processes.html"}],"nameUrl":"business-processes.html","title":"Business Processes","generation":"markdown"},{"extension":[{"url":"http://hl7.org/fhir/tools/StructureDefinition/ig-page-name","valueUrl":"dictionary.html"}],"nameUrl":"dictionary.html","title":"Data Dictionary","generation":"markdown"},{"extension":[{"url":"http://hl7.org/fhir/tools/StructureDefinition/ig-page-name","valueUrl":"decision-logic.html"}],"nameUrl":"decision-logic.html","title":"Decision-support logic","generation":"markdown"},{"extension":[{"url":"http://hl7.org/fhir/tools/StructureDefinition/ig-page-name","valueUrl":"indicators.html"}],"nameUrl":"indicators.html","title":"Indicator and Performance Metrics","generation":"markdown"},{"extension":[{"url":"http://hl7.org/fhir/tools/StructureDefinition/ig-page-name","valueUrl":"functional-requirements.html"}],"nameUrl":"functional-requirements.html","title":"Functional Requirements","generation":"markdown"},{"extension":[{"url":"http://hl7.org/fhir/tools/StructureDefinition/ig-page-name","valueUrl":"non-functional-requirements.html"}],"nameUrl":"non-functional-requirements.html","title":"Non-functional Requirements","generation":"markdown"}]},{"extension":[{"url":"http://hl7.org/fhir/tools/StructureDefinition/ig-page-name","valueUrl":"data-models-and-exchange.html"}],"nameUrl":"data-models-and-exchange.html","title":"Data Models and Exchange","generation":"markdown","page":[{"extension":[{"url":"http://hl7.org/fhir/tools/StructureDefinition/ig-page-name","valueUrl":"system-actors.html"}],"nameUrl":"system-actors.html","title":"System Actors","generation":"markdown"},{"extension":[{"url":"http://hl7.org/fhir/tools/StructureDefinition/ig-page-name","valueUrl":"sequence-diagrams.html"}],"nameUrl":"sequence-diagrams.html","title":"Sequence Diagrams","generation":"markdown"},{"extension":[{"url":"http://hl7.org/fhir/tools/StructureDefinition/ig-page-name","valueUrl":"transactions.html"}],"nameUrl":"transactions.html","title":"Transactions","generation":"markdown"},{"extension":[{"url":"http://hl7.org/fhir/tools/StructureDefinition/ig-page-name","valueUrl":"indicators-measures.html"}],"nameUrl":"indicators-measures.html","title":"Indicators and Measures","generation":"markdown"},{"extension":[{"url":"http://hl7.org/fhir/tools/StructureDefinition/ig-page-name","valueUrl":"codings.html"}],"nameUrl":"codings.html","title":"Codings","generation":"html"}]},{"extension":[{"url":"http://hl7.org/fhir/tools/StructureDefinition/ig-page-name","valueUrl":"deployment.html"}],"nameUrl":"deployment.html","title":"Deployment","generation":"markdown","page":[{"extension":[{"url":"http://hl7.org/fhir/tools/StructureDefinition/ig-page-name","valueUrl":"security-privacy.html"}],"nameUrl":"security-privacy.html","title":"Security and Privacy Considerations","generation":"markdown"},{"extension":[{"url":"http://hl7.org/fhir/tools/StructureDefinition/ig-page-name","valueUrl":"testing.html"}],"nameUrl":"testing.html","title":"Testing","generation":"markdown"},{"extension":[{"url":"http://hl7.org/fhir/tools/StructureDefinition/ig-page-name","valueUrl":"test-data.html"}],"nameUrl":"test-data.html","title":"Test Data","generation":"markdown"},{"extension":[{"url":"http://hl7.org/fhir/tools/StructureDefinition/ig-page-name","valueUrl":"reference-implementations.html"}],"nameUrl":"reference-implementations.html","title":"Reference Implementations","generation":"markdown"},{"extension":[{"url":"http://hl7.org/fhir/tools/StructureDefinition/ig-page-name","valueUrl":"downloads.html"}],"nameUrl":"downloads.html","title":"Downloads","generation":"markdown"}]},{"extension":[{"url":"http://hl7.org/fhir/tools/StructureDefinition/ig-page-name","valueUrl":"artifacts.html"}],"nameUrl":"artifacts.html","title":"Artifacts Summary","generation":"html","page":[{"extension":[{"url":"http://hl7.org/fhir/tools/StructureDefinition/ig-page-name","valueUrl":"ActivityDefinition-IMMZD2DTMeaslesCIMR.html"}],"nameUrl":"ActivityDefinition-IMMZD2DTMeaslesCIMR.html","title":"IMMZ.D2.DT.Measles.Contraindication","generation":"generated"},{"extension":[{"url":"http://hl7.org/fhir/tools/StructureDefinition/ig-page-name","valueUrl":"ActivityDefinition-IMMZD2DTMeaslesEval.html"}],"nameUrl":"ActivityDefinition-IMMZD2DTMeaslesEval.html","title":"IMMZ.D2.DT.Measles.Eval","generation":"generated"},{"extension":[{"url":"http://hl7.org/fhir/tools/StructureDefinition/ig-page-name","valueUrl":"ActivityDefinition-IMMZD2DTMeaslesMR.html"}],"nameUrl":"ActivityDefinition-IMMZD2DTMeaslesMR.html","title":"IMMZ.D2.DT.Measles.MR","generation":"generated"},{"extension":[{"url":"http://hl7.org/fhir/tools/StructureDefinition/ig-page-name","valueUrl":"PlanDefinition-IMMZD2DTMeasles.html"}],"nameUrl":"PlanDefinition-IMMZD2DTMeasles.html","title":"IMMZ.D2.DT.Measles","generation":"generated"},{"extension":[{"url":"http://hl7.org/fhir/tools/StructureDefinition/ig-page-name","valueUrl":"PlanDefinition-IMMZD2DTMeaslesCI.html"}],"nameUrl":"PlanDefinition-IMMZD2DTMeaslesCI.html","title":"IMMZ.D2.DT.Measles.Contraindication","generation":"generated"},{"extension":[{"url":"http://hl7.org/fhir/tools/StructureDefinition/ig-page-name","valueUrl":"PlanDefinition-IMMZDTUmbrella.html"}],"nameUrl":"PlanDefinition-IMMZDTUmbrella.html","title":"IMMZ.DT.Umbrella","generation":"generated"},{"extension":[{"url":"http://hl7.org/fhir/tools/StructureDefinition/ig-page-name","valueUrl":"Library-FHIRCommon.html"}],"nameUrl":"Library-FHIRCommon.html","title":"FHIRCommon","generation":"generated"},{"extension":[{"url":"http://hl7.org/fhir/tools/StructureDefinition/ig-page-name","valueUrl":"Library-FHIRHelpers.html"}],"nameUrl":"Library-FHIRHelpers.html","title":"FHIRHelpers","generation":"generated"},{"extension":[{"url":"http://hl7.org/fhir/tools/StructureDefinition/ig-page-name","valueUrl":"Library-IMMZCommon.html"}],"nameUrl":"Library-IMMZCommon.html","title":"IMMZCommon","generation":"generated"},{"extension":[{"url":"http://hl7.org/fhir/tools/StructureDefinition/ig-page-name","valueUrl":"Library-IMMZCommonIzDataElements.html"}],"nameUrl":"Library-IMMZCommonIzDataElements.html","title":"IMMZCommonIzDataElements","generation":"generated"},{"extension":[{"url":"http://hl7.org/fhir/tools/StructureDefinition/ig-page-name","valueUrl":"Library-IMMZConcepts.html"}],"nameUrl":"Library-IMMZConcepts.html","title":"IMMZConcepts","generation":"generated"},{"extension":[{"url":"http://hl7.org/fhir/tools/StructureDefinition/ig-page-name","valueUrl":"Library-IMMZConfig.html"}],"nameUrl":"Library-IMMZConfig.html","title":"IMMZConfig","generation":"generated"},{"extension":[{"url":"http://hl7.org/fhir/tools/StructureDefinition/ig-page-name","valueUrl":"Library-IMMZD2DTMeasles.html"}],"nameUrl":"Library-IMMZD2DTMeasles.html","title":"IMMZD2DTMeasles","generation":"generated"},{"extension":[{"url":"http://hl7.org/fhir/tools/StructureDefinition/ig-page-name","valueUrl":"Library-IMMZIndicatorCommon.html"}],"nameUrl":"Library-IMMZIndicatorCommon.html","title":"IMMZIndicatorCommon","generation":"generated"},{"extension":[{"url":"http://hl7.org/fhir/tools/StructureDefinition/ig-page-name","valueUrl":"Library-IMMZINDMeasles.html"}],"nameUrl":"Library-IMMZINDMeasles.html","title":"IMMZINDMeasles","generation":"generated"},{"extension":[{"url":"http://hl7.org/fhir/tools/StructureDefinition/ig-page-name","valueUrl":"Library-IMMZVaccineLibrary.html"}],"nameUrl":"Library-IMMZVaccineLibrary.html","title":"IMMZVaccineLibrary","generation":"generated"},{"extension":[{"url":"http://hl7.org/fhir/tools/StructureDefinition/ig-page-name","valueUrl":"Library-WHOCommon.html"}],"nameUrl":"Library-WHOCommon.html","title":"WHOCommon","generation":"generated"},{"extension":[{"url":"http://hl7.org/fhir/tools/StructureDefinition/ig-page-name","valueUrl":"Library-WHOConcepts.html"}],"nameUrl":"Library-WHOConcepts.html","title":"WHOConcepts","generation":"generated"},{"extension":[{"url":"http://hl7.org/fhir/tools/StructureDefinition/ig-page-name","valueUrl":"StructureDefinition-IMMZCRegisterClient.html"}],"nameUrl":"StructureDefinition-IMMZCRegisterClient.html","title":"IMMZ.C Register Client","generation":"generated"},{"extension":[{"url":"http://hl7.org/fhir/tools/StructureDefinition/ig-page-name","valueUrl":"StructureDefinition-IMMZD1ClientHistoryMeasles.html"}],"nameUrl":"StructureDefinition-IMMZD1ClientHistoryMeasles.html","title":"IMMZ.D1 Capture Client History for Measles","generation":"generated"},{"extension":[{"url":"http://hl7.org/fhir/tools/StructureDefinition/ig-page-name","valueUrl":"StructureDefinition-IMMZD4CheckContraindicationsMeasles.html"}],"nameUrl":"StructureDefinition-IMMZD4CheckContraindicationsMeasles.html","title":"IMMZ.D4 Check Contraindications for Measles","generation":"generated"},{"extension":[{"url":"http://hl7.org/fhir/tools/StructureDefinition/ig-page-name","valueUrl":"Questionnaire-IMMZD1ClientHistoryMeasles.html"}],"nameUrl":"Questionnaire-IMMZD1ClientHistoryMeasles.html","title":"Capture Client History Questionnaire","generation":"generated","page":[{"extension":[{"url":"http://hl7.org/fhir/tools/StructureDefinition/ig-page-name","valueUrl":"ValueSet-IMMZD1ClientHistoryMeasles_IMMZ.D1.DE10.html"}],"nameUrl":"ValueSet-IMMZD1ClientHistoryMeasles_IMMZ.D1.DE10.html","title":"ValueSet","generation":"generated"}]},{"extension":[{"url":"http://hl7.org/fhir/tools/StructureDefinition/ig-page-name","valueUrl":"Questionnaire-IMMZD4CheckContraindicationsMeasles.html"}],"nameUrl":"Questionnaire-IMMZD4CheckContraindicationsMeasles.html","title":"Check Contraindications Questionnaire","generation":"generated","page":[{"extension":[{"url":"http://hl7.org/fhir/tools/StructureDefinition/ig-page-name","valueUrl":"ValueSet-IMMZD4CheckContraindicationsMeasles_IMMZ.D4.DE161.html"}],"nameUrl":"ValueSet-IMMZD4CheckContraindicationsMeasles_IMMZ.D4.DE161.html","title":"ValueSet","generation":"generated"}]},{"extension":[{"url":"http://hl7.org/fhir/tools/StructureDefinition/ig-page-name","valueUrl":"Questionnaire-IMMZCRegisterClient.html"}],"nameUrl":"Questionnaire-IMMZCRegisterClient.html","title":"Client Registration Questionnaire","generation":"generated","page":[{"extension":[{"url":"http://hl7.org/fhir/tools/StructureDefinition/ig-page-name","valueUrl":"ValueSet-IMMZCRegisterClient_IMMZ.C.DE5.html"}],"nameUrl":"ValueSet-IMMZCRegisterClient_IMMZ.C.DE5.html","title":"ValueSet","generation":"generated"}]},{"extension":[{"url":"http://hl7.org/fhir/tools/StructureDefinition/ig-page-name","valueUrl":"StructureDefinition-consenttocontact.html"}],"nameUrl":"StructureDefinition-consenttocontact.html","title":"Communication consent","generation":"generated"},{"extension":[{"url":"http://hl7.org/fhir/tools/StructureDefinition/ig-page-name","valueUrl":"StructureDefinition-estimatedage.html"}],"nameUrl":"StructureDefinition-estimatedage.html","title":"Estimated age","generation":"generated"},{"extension":[{"url":"http://hl7.org/fhir/tools/StructureDefinition/ig-page-name","valueUrl":"StructureDefinition-educationlevel.html"}],"nameUrl":"StructureDefinition-educationlevel.html","title":"Highest level of education achieved","generation":"generated"},{"extension":[{"url":"http://hl7.org/fhir/tools/StructureDefinition/ig-page-name","valueUrl":"StructureDefinition-insurance.html"}],"nameUrl":"StructureDefinition-insurance.html","title":"Insurance coverage","generation":"generated"},{"extension":[{"url":"http://hl7.org/fhir/tools/StructureDefinition/ig-page-name","valueUrl":"StructureDefinition-stage.html"}],"nameUrl":"StructureDefinition-stage.html","title":"Miscarriage or abortion stage of pregnancy","generation":"generated"},{"extension":[{"url":"http://hl7.org/fhir/tools/StructureDefinition/ig-page-name","valueUrl":"StructureDefinition-occupation.html"}],"nameUrl":"StructureDefinition-occupation.html","title":"Occupation","generation":"generated"},{"extension":[{"url":"http://hl7.org/fhir/tools/StructureDefinition/ig-page-name","valueUrl":"StructureDefinition-method.html"}],"nameUrl":"StructureDefinition-method.html","title":"Payment method","generation":"generated"},{"extension":[{"url":"http://hl7.org/fhir/tools/StructureDefinition/ig-page-name","valueUrl":"StructureDefinition-requestertype.html"}],"nameUrl":"StructureDefinition-requestertype.html","title":"Referred by","generation":"generated"},{"extension":[{"url":"http://hl7.org/fhir/tools/StructureDefinition/ig-page-name","valueUrl":"StructureDefinition-reminder.html"}],"nameUrl":"StructureDefinition-reminder.html","title":"Reminder messages","generation":"generated"},{"extension":[{"url":"http://hl7.org/fhir/tools/StructureDefinition/ig-page-name","valueUrl":"ValueSet-ARVDrugs-values.html"}],"nameUrl":"ValueSet-ARVDrugs-values.html","title":"ARV Drugs values","generation":"generated"},{"extension":[{"url":"http://hl7.org/fhir/tools/StructureDefinition/ig-page-name","valueUrl":"ValueSet-Birthweight-values.html"}],"nameUrl":"ValueSet-Birthweight-values.html","title":"Birthweight valueset","generation":"generated"},{"extension":[{"url":"http://hl7.org/fhir/tools/StructureDefinition/ig-page-name","valueUrl":"ValueSet-devicebirthcontrolmethods-values.html"}],"nameUrl":"ValueSet-devicebirthcontrolmethods-values.html","title":"Contraceptive history - Device-based values","generation":"generated"},{"extension":[{"url":"http://hl7.org/fhir/tools/StructureDefinition/ig-page-name","valueUrl":"ValueSet-active-condition.html"}],"nameUrl":"ValueSet-active-condition.html","title":"CQF Active Condition","generation":"generated"},{"extension":[{"url":"http://hl7.org/fhir/tools/StructureDefinition/ig-page-name","valueUrl":"ValueSet-inactive-condition.html"}],"nameUrl":"ValueSet-inactive-condition.html","title":"CQF Inactive Condition","generation":"generated"},{"extension":[{"url":"http://hl7.org/fhir/tools/StructureDefinition/ig-page-name","valueUrl":"ValueSet-current-medications-values.html"}],"nameUrl":"ValueSet-current-medications-values.html","title":"Current medications values","generation":"generated"},{"extension":[{"url":"http://hl7.org/fhir/tools/StructureDefinition/ig-page-name","valueUrl":"ValueSet-drug-allergies-values.html"}],"nameUrl":"ValueSet-drug-allergies-values.html","title":"Drug allergies values","generation":"generated"},{"extension":[{"url":"http://hl7.org/fhir/tools/StructureDefinition/ig-page-name","valueUrl":"ValueSet-gender-values.html"}],"nameUrl":"ValueSet-gender-values.html","title":"Gender values","generation":"generated"},{"extension":[{"url":"http://hl7.org/fhir/tools/StructureDefinition/ig-page-name","valueUrl":"ValueSet-highest-level-of-education-achieved-values.html"}],"nameUrl":"ValueSet-highest-level-of-education-achieved-values.html","title":"Highest level of education achieved values","generation":"generated"},{"extension":[{"url":"http://hl7.org/fhir/tools/StructureDefinition/ig-page-name","valueUrl":"ValueSet-hiv-stage-values.html"}],"nameUrl":"ValueSet-hiv-stage-values.html","title":"HIV Stage values","generation":"generated"},{"extension":[{"url":"http://hl7.org/fhir/tools/StructureDefinition/ig-page-name","valueUrl":"ValueSet-anc-b9-de45.html"}],"nameUrl":"ValueSet-anc-b9-de45.html","title":"HIV status","generation":"generated"},{"extension":[{"url":"http://hl7.org/fhir/tools/StructureDefinition/ig-page-name","valueUrl":"ValueSet-anc-b9-de47.html"}],"nameUrl":"ValueSet-anc-b9-de47.html","title":"HIV status - HIV negative Choices","generation":"generated"},{"extension":[{"url":"http://hl7.org/fhir/tools/StructureDefinition/ig-page-name","valueUrl":"ValueSet-anc-b9-de46.html"}],"nameUrl":"ValueSet-anc-b9-de46.html","title":"HIV status - HIV positive Choices","generation":"generated"},{"extension":[{"url":"http://hl7.org/fhir/tools/StructureDefinition/ig-page-name","valueUrl":"ValueSet-HIVstatus-values.html"}],"nameUrl":"ValueSet-HIVstatus-values.html","title":"HIV status values","generation":"generated"},{"extension":[{"url":"http://hl7.org/fhir/tools/StructureDefinition/ig-page-name","valueUrl":"ValueSet-hiv-test-result-values.html"}],"nameUrl":"ValueSet-hiv-test-result-values.html","title":"HIV Test Result values","generation":"generated"},{"extension":[{"url":"http://hl7.org/fhir/tools/StructureDefinition/ig-page-name","valueUrl":"ValueSet-Immunocompromised-values.html"}],"nameUrl":"ValueSet-Immunocompromised-values.html","title":"Immunocompromised valueset","generation":"generated"},{"extension":[{"url":"http://hl7.org/fhir/tools/StructureDefinition/ig-page-name","valueUrl":"ValueSet-IMMZ.C.DE5.html"}],"nameUrl":"ValueSet-IMMZ.C.DE5.html","title":"IMMZ.C.DE5 ValueSet for Sex","generation":"generated"},{"extension":[{"url":"http://hl7.org/fhir/tools/StructureDefinition/ig-page-name","valueUrl":"ValueSet-IMMZ.D1.DE10.html"}],"nameUrl":"ValueSet-IMMZ.D1.DE10.html","title":"IMMZ.D1.DE10 ValueSet for HIV Status","generation":"generated"},{"extension":[{"url":"http://hl7.org/fhir/tools/StructureDefinition/ig-page-name","valueUrl":"ValueSet-IMMZ.D1.DE35.html"}],"nameUrl":"ValueSet-IMMZ.D1.DE35.html","title":"IMMZ.D1.DE35 ValueSet for Type of polio dose","generation":"generated"},{"extension":[{"url":"http://hl7.org/fhir/tools/StructureDefinition/ig-page-name","valueUrl":"ValueSet-IMMZ.D1.DE52.html"}],"nameUrl":"ValueSet-IMMZ.D1.DE52.html","title":"IMMZ.D1.DE52 ValueSet for Type of last JE dose","generation":"generated"},{"extension":[{"url":"http://hl7.org/fhir/tools/StructureDefinition/ig-page-name","valueUrl":"ValueSet-IMMZ.D1.DE56.html"}],"nameUrl":"ValueSet-IMMZ.D1.DE56.html","title":"IMMZ.D1.DE56 ValueSet for Type of last TBE dose","generation":"generated"},{"extension":[{"url":"http://hl7.org/fhir/tools/StructureDefinition/ig-page-name","valueUrl":"ValueSet-IMMZ.D1.DE61.html"}],"nameUrl":"ValueSet-IMMZ.D1.DE61.html","title":"IMMZ.D1.DE61 ValueSet for Type of last typhoid dose","generation":"generated"},{"extension":[{"url":"http://hl7.org/fhir/tools/StructureDefinition/ig-page-name","valueUrl":"ValueSet-IMMZ.D1.DE65.html"}],"nameUrl":"ValueSet-IMMZ.D1.DE65.html","title":"IMMZ.D1.DE65 ValueSet for Type of last cholera dose","generation":"generated"},{"extension":[{"url":"http://hl7.org/fhir/tools/StructureDefinition/ig-page-name","valueUrl":"ValueSet-IMMZ.D1.DE68.html"}],"nameUrl":"ValueSet-IMMZ.D1.DE68.html","title":"IMMZ.D1.DE68 ValueSet for Type of last meningococcal dose","generation":"generated"},{"extension":[{"url":"http://hl7.org/fhir/tools/StructureDefinition/ig-page-name","valueUrl":"ValueSet-IMMZ.D1.DE73.html"}],"nameUrl":"ValueSet-IMMZ.D1.DE73.html","title":"IMMZ.D1.DE73 ValueSet for Type of last hepatitis A dose","generation":"generated"},{"extension":[{"url":"http://hl7.org/fhir/tools/StructureDefinition/ig-page-name","valueUrl":"ValueSet-IMMZ.D1.DE84.html"}],"nameUrl":"ValueSet-IMMZ.D1.DE84.html","title":"IMMZ.D1.DE84 ValueSet for Type of TB infection test performed","generation":"generated"},{"extension":[{"url":"http://hl7.org/fhir/tools/StructureDefinition/ig-page-name","valueUrl":"ValueSet-IMMZ.D1.DE87.html"}],"nameUrl":"ValueSet-IMMZ.D1.DE87.html","title":"IMMZ.D1.DE87 ValueSet for TB infection test result","generation":"generated"},{"extension":[{"url":"http://hl7.org/fhir/tools/StructureDefinition/ig-page-name","valueUrl":"ValueSet-IMMZ.D4.DE161.html"}],"nameUrl":"ValueSet-IMMZ.D4.DE161.html","title":"IMMZ.D4.DE161 ValueSet for Potential Contraindications","generation":"generated"},{"extension":[{"url":"http://hl7.org/fhir/tools/StructureDefinition/ig-page-name","valueUrl":"ValueSet-marital-status-values.html"}],"nameUrl":"ValueSet-marital-status-values.html","title":"Marital Status values","generation":"generated"},{"extension":[{"url":"http://hl7.org/fhir/tools/StructureDefinition/ig-page-name","valueUrl":"ValueSet-IMMZ.A1.DE9.html"}],"nameUrl":"ValueSet-IMMZ.A1.DE9.html","title":"Measles","generation":"generated"},{"extension":[{"url":"http://hl7.org/fhir/tools/StructureDefinition/ig-page-name","valueUrl":"ValueSet-medicationbirthcontrolmethods-values.html"}],"nameUrl":"ValueSet-medicationbirthcontrolmethods-values.html","title":"Medication-based Birth control method reported at intake values","generation":"generated"},{"extension":[{"url":"http://hl7.org/fhir/tools/StructureDefinition/ig-page-name","valueUrl":"ValueSet-miscarriage-or-abortion-stage-of-pregnancy-values.html"}],"nameUrl":"ValueSet-miscarriage-or-abortion-stage-of-pregnancy-values.html","title":"Miscarriage or abortion stage of pregnancy values","generation":"generated"},{"extension":[{"url":"http://hl7.org/fhir/tools/StructureDefinition/ig-page-name","valueUrl":"ValueSet-miscarriage-or-abortion-values.html"}],"nameUrl":"ValueSet-miscarriage-or-abortion-values.html","title":"Miscarriage or Abortion values","generation":"generated"},{"extension":[{"url":"http://hl7.org/fhir/tools/StructureDefinition/ig-page-name","valueUrl":"ValueSet-Negativetestresult-values.html"}],"nameUrl":"ValueSet-Negativetestresult-values.html","title":"Negative Test Results","generation":"generated"},{"extension":[{"url":"http://hl7.org/fhir/tools/StructureDefinition/ig-page-name","valueUrl":"ValueSet-occupation-values.html"}],"nameUrl":"ValueSet-occupation-values.html","title":"Occupation values","generation":"generated"},{"extension":[{"url":"http://hl7.org/fhir/tools/StructureDefinition/ig-page-name","valueUrl":"ValueSet-payment-method-values.html"}],"nameUrl":"ValueSet-payment-method-values.html","title":"Payment method values","generation":"generated"},{"extension":[{"url":"http://hl7.org/fhir/tools/StructureDefinition/ig-page-name","valueUrl":"ValueSet-PositiveTestResult-values.html"}],"nameUrl":"ValueSet-PositiveTestResult-values.html","title":"Positive Test Result valuest","generation":"generated"},{"extension":[{"url":"http://hl7.org/fhir/tools/StructureDefinition/ig-page-name","valueUrl":"ValueSet-pregnancystatuspregnant-values.html"}],"nameUrl":"ValueSet-pregnancystatuspregnant-values.html","title":"Pregnancy status pregnant values","generation":"generated"},{"extension":[{"url":"http://hl7.org/fhir/tools/StructureDefinition/ig-page-name","valueUrl":"ValueSet-pregnancystatus-values.html"}],"nameUrl":"ValueSet-pregnancystatus-values.html","title":"Pregnancy status values","generation":"generated"},{"extension":[{"url":"http://hl7.org/fhir/tools/StructureDefinition/ig-page-name","valueUrl":"ValueSet-careplanbirthcontrolmethods-values.html"}],"nameUrl":"ValueSet-careplanbirthcontrolmethods-values.html","title":"Prior contraceptive methods used - CarePlan-based values","generation":"generated"},{"extension":[{"url":"http://hl7.org/fhir/tools/StructureDefinition/ig-page-name","valueUrl":"ValueSet-procedurebirthcontrolmethods-values.html"}],"nameUrl":"ValueSet-procedurebirthcontrolmethods-values.html","title":"Prior contraceptive methods used - Procedure-based values","generation":"generated"},{"extension":[{"url":"http://hl7.org/fhir/tools/StructureDefinition/ig-page-name","valueUrl":"ValueSet-nobirthcontrolmethod-values.html"}],"nameUrl":"ValueSet-nobirthcontrolmethod-values.html","title":"Reason for no contraceptive method - Reported at intake values","generation":"generated"},{"extension":[{"url":"http://hl7.org/fhir/tools/StructureDefinition/ig-page-name","valueUrl":"ValueSet-reason-for-referral-values.html"}],"nameUrl":"ValueSet-reason-for-referral-values.html","title":"Reason for referral values","generation":"generated"},{"extension":[{"url":"http://hl7.org/fhir/tools/StructureDefinition/ig-page-name","valueUrl":"ValueSet-referred-by-values.html"}],"nameUrl":"ValueSet-referred-by-values.html","title":"Referred by values","generation":"generated"},{"extension":[{"url":"http://hl7.org/fhir/tools/StructureDefinition/ig-page-name","valueUrl":"ValueSet-LiveAttenuatedVaccines.html"}],"nameUrl":"ValueSet-LiveAttenuatedVaccines.html","title":"Set of live attenuated vaccines","generation":"generated"},{"extension":[{"url":"http://hl7.org/fhir/tools/StructureDefinition/ig-page-name","valueUrl":"ValueSet-adverse-event-type.html"}],"nameUrl":"ValueSet-adverse-event-type.html","title":"SNOMED CT Clinical Findings","generation":"generated"},{"extension":[{"url":"http://hl7.org/fhir/tools/StructureDefinition/ig-page-name","valueUrl":"ValueSet-sti-risk-assessment-factors-values.html"}],"nameUrl":"ValueSet-sti-risk-assessment-factors-values.html","title":"STI risk assessment factors values","generation":"generated"},{"extension":[{"url":"http://hl7.org/fhir/tools/StructureDefinition/ig-page-name","valueUrl":"ValueSet-visit-type-values.html"}],"nameUrl":"ValueSet-visit-type-values.html","title":"Visit type values","generation":"generated"},{"extension":[{"url":"http://hl7.org/fhir/tools/StructureDefinition/ig-page-name","valueUrl":"ValueSet-whoatc-uv-ips.html"}],"nameUrl":"ValueSet-whoatc-uv-ips.html","title":"WHO ATC - IPS","generation":"generated"},{"extension":[{"url":"http://hl7.org/fhir/tools/StructureDefinition/ig-page-name","valueUrl":"CodeSystem-IMMZ.C.html"}],"nameUrl":"CodeSystem-IMMZ.C.html","title":"IMMZ.C CodeSystem for Data Elements","generation":"generated"},{"extension":[{"url":"http://hl7.org/fhir/tools/StructureDefinition/ig-page-name","valueUrl":"CodeSystem-IMMZ.D1.html"}],"nameUrl":"CodeSystem-IMMZ.D1.html","title":"IMMZ.D1 CodeSystem for Data Elements","generation":"generated"},{"extension":[{"url":"http://hl7.org/fhir/tools/StructureDefinition/ig-page-name","valueUrl":"CodeSystem-IMMZ.D4.html"}],"nameUrl":"CodeSystem-IMMZ.D4.html","title":"IMMZ.D4 CodeSystem for Check Contraindications Data Elements","generation":"generated"},{"extension":[{"url":"http://hl7.org/fhir/tools/StructureDefinition/ig-page-name","valueUrl":"CodeSystem-extended-content-codes.html"}],"nameUrl":"CodeSystem-extended-content-codes.html","title":"WHO Extended Codes CodeSystem codes","generation":"generated"},{"extension":[{"url":"http://hl7.org/fhir/tools/StructureDefinition/ig-page-name","valueUrl":"StructureMap-IMMZCLMToPatient.html"}],"nameUrl":"StructureMap-IMMZCLMToPatient.html","generation":"generated"},{"extension":[{"url":"http://hl7.org/fhir/tools/StructureDefinition/ig-page-name","valueUrl":"StructureMap-IMMZCQRToLM.html"}],"nameUrl":"StructureMap-IMMZCQRToLM.html","generation":"generated"},{"extension":[{"url":"http://hl7.org/fhir/tools/StructureDefinition/ig-page-name","valueUrl":"StructureMap-IMMZCQRToPatient.html"}],"nameUrl":"StructureMap-IMMZCQRToPatient.html","generation":"generated"},{"extension":[{"url":"http://hl7.org/fhir/tools/StructureDefinition/ig-page-name","valueUrl":"StructureMap-IMMZD4LMToResources.html"}],"nameUrl":"StructureMap-IMMZD4LMToResources.html","generation":"generated"},{"extension":[{"url":"http://hl7.org/fhir/tools/StructureDefinition/ig-page-name","valueUrl":"StructureMap-IMMZD4QRToLM.html"}],"nameUrl":"StructureMap-IMMZD4QRToLM.html","generation":"generated"},{"extension":[{"url":"http://hl7.org/fhir/tools/StructureDefinition/ig-page-name","valueUrl":"StructureMap-IMMZD4QRToResources.html"}],"nameUrl":"StructureMap-IMMZD4QRToResources.html","generation":"generated"},{"extension":[{"url":"http://hl7.org/fhir/tools/StructureDefinition/ig-page-name","valueUrl":"ConceptMap-IMMZ.C.ConceptMap.html"}],"nameUrl":"ConceptMap-IMMZ.C.ConceptMap.html","title":"ConceptMap to and from IMMZ.C DataElements","generation":"generated"},{"extension":[{"url":"http://hl7.org/fhir/tools/StructureDefinition/ig-page-name","valueUrl":"ConceptMap-IMMZ.C.SexToAdministrativeGender.html"}],"nameUrl":"ConceptMap-IMMZ.C.SexToAdministrativeGender.html","title":"ConceptMap to and From IMMZ.C sex to administrative gender","generation":"generated"},{"extension":[{"url":"http://hl7.org/fhir/tools/StructureDefinition/ig-page-name","valueUrl":"ConceptMap-IMMZ.D1.ConceptMap.html"}],"nameUrl":"ConceptMap-IMMZ.D1.ConceptMap.html","title":"ConceptMap to and from IMMZ.D1 DataElements","generation":"generated"},{"extension":[{"url":"http://hl7.org/fhir/tools/StructureDefinition/ig-page-name","valueUrl":"ConceptMap-IMMZ.D4.ConceptMap.html"}],"nameUrl":"ConceptMap-IMMZ.D4.ConceptMap.html","title":"ConceptMap to and from IMMZ.D4 DataElements","generation":"generated"},{"extension":[{"url":"http://hl7.org/fhir/tools/StructureDefinition/ig-page-name","valueUrl":"QuestionnaireResponse-Example.IMMZ.C.QuestionnaireResponse.1.html"}],"nameUrl":"QuestionnaireResponse-Example.IMMZ.C.QuestionnaireResponse.1.html","title":"Example.IMMZ.C.QuestionnaireResponse.1","generation":"generated"},{"extension":[{"url":"http://hl7.org/fhir/tools/StructureDefinition/ig-page-name","valueUrl":"QuestionnaireResponse-Example.IMMZ.D4.QuestionnaireResponse.1.html"}],"nameUrl":"QuestionnaireResponse-Example.IMMZ.D4.QuestionnaireResponse.1.html","title":"Example.IMMZ.D4.QuestionnaireResponse.1","generation":"generated"},{"extension":[{"url":"http://hl7.org/fhir/tools/StructureDefinition/ig-page-name","valueUrl":"QuestionnaireResponse-Example.IMMZ.D4.QuestionnaireResponse.2.html"}],"nameUrl":"QuestionnaireResponse-Example.IMMZ.D4.QuestionnaireResponse.2.html","title":"Example.IMMZ.D4.QuestionnaireResponse.2","generation":"generated"},{"extension":[{"url":"http://hl7.org/fhir/tools/StructureDefinition/ig-page-name","valueUrl":"QuestionnaireResponse-Example.IMMZ.D4.QuestionnaireResponse.3.html"}],"nameUrl":"QuestionnaireResponse-Example.IMMZ.D4.QuestionnaireResponse.3.html","title":"Example.IMMZ.D4.QuestionnaireResponse.3","generation":"generated"},{"extension":[{"url":"http://hl7.org/fhir/tools/StructureDefinition/ig-page-name","valueUrl":"QuestionnaireResponse-Example.IMMZ.D4.QuestionnaireResponse.4.html"}],"nameUrl":"QuestionnaireResponse-Example.IMMZ.D4.QuestionnaireResponse.4.html","title":"Example.IMMZ.D4.QuestionnaireResponse.4","generation":"generated"},{"extension":[{"url":"http://hl7.org/fhir/tools/StructureDefinition/ig-page-name","valueUrl":"Measure-IMMZIND05.html"}],"nameUrl":"Measure-IMMZIND05.html","title":"IMMZIND05","generation":"generated"},{"extension":[{"url":"http://hl7.org/fhir/tools/StructureDefinition/ig-page-name","valueUrl":"Measure-IMMZIND40.html"}],"nameUrl":"Measure-IMMZIND40.html","title":"IMMZIND40","generation":"generated"},{"extension":[{"url":"http://hl7.org/fhir/tools/StructureDefinition/ig-page-name","valueUrl":"Patient-P123456.html"}],"nameUrl":"Patient-P123456.html","title":"patient123456","generation":"generated"},{"extension":[{"url":"http://hl7.org/fhir/tools/StructureDefinition/ig-page-name","valueUrl":"Device-cqf-tooling.html"}],"nameUrl":"Device-cqf-tooling.html","title":"cqf-tooling","generation":"generated"}]}]},"parameter":[{"code":"path-pages","value":"input/page-content"},{"code":"path-resource","value":"input/resources/activitydefinition"},{"code":"path-resource","value":"input/resources/capabilitystatement"},{"code":"path-resource","value":"input/resources/library"},{"code":"path-resource","value":"input/resources/measure"},{"code":"path-resource","value":"input/resources/plandefinition"},{"code":"path-resource","value":"input/resources/questionnaire"},{"code":"path-resource","value":"input/resources/structuremap"},{"code":"path-resource","value":"input/vocabulary/codesystem"},{"code":"path-resource","value":"input/vocabulary/valueset"},{"code":"path-resource","value":"input/resources/device"},{"code":"path-resource","value":"input/vocabulary/valueset/cqf_valuesets"},{"code":"path-resource","value":"input/vocabulary/valueset/anc_valuesets"},{"code":"path-resource","value":"input/vocabulary/valueset/existing_WHO"},{"code":"path-resource","value":"input/vocabulary/valueset/immunization_valuesets"},{"code":"path-resource","value":"input/maps"},{"code":"generate-xml","value":"true"},{"code":"path-resource","value":"input/capabilities"},{"code":"path-resource","value":"input/examples"},{"code":"path-resource","value":"input/extensions"},{"code":"path-resource","value":"input/models"},{"code":"path-resource","value":"input/operations"},{"code":"path-resource","value":"input/profiles"},{"code":"path-resource","value":"input/resources"},{"code":"path-resource","value":"input/vocabulary"},{"code":"path-resource","value":"input/testing"},{"code":"path-resource","value":"input/history"},{"code":"path-resource","value":"fsh-generated/resources"},{"code":"path-pages","value":"template/config"},{"code":"path-pages","value":"input/images"},{"code":"path-tx-cache","value":"input-cache/txcache"}]}}