{"resourceType":"PlanDefinition","id":"IMMZDTUmbrella","meta":{"profile":["http://hl7.org/fhir/uv/cpg/StructureDefinition/cpg-strategydefinition"]},"extension":[{"url":"http://hl7.org/fhir/uv/cpg/StructureDefinition/cpg-knowledgeCapability","valueCode":"computable"}],"url":"http://smart.who.int/ig/smart-immunizations/PlanDefinition/IMMZDTUmbrella","version":"0.1.0","name":"IMMZDTUmbrella","title":"IMMZ.DT.Umbrella","type":{"coding":[{"system":"http://terminology.hl7.org/CodeSystem/plan-definition-type","code":"workflow-definition"}]},"status":"draft","experimental":false,"date":"2023-10-16T21:55:06+00:00","publisher":"World Health Organization (WHO)","contact":[{"name":"World Health Organization (WHO)","telecom":[{"system":"url","value":"https://www.who.int"}]}],"description":"If the child or patient has not been given MCV1 (at 9 months) and MCV2 (between 15-18 months) vaccination","jurisdiction":[{"coding":[{"system":"http://unstats.un.org/unsd/methods/m49/m49.htm","code":"001"}]}],"action":[{"title":"Check Immunizations","description":"Check immunization plan definitions to see what is required.","code":[{"coding":[{"system":"http://hl7.org/fhir/uv/cpg/CodeSystem/cpg-common-process-cs","code":"dispense-medications"}]}],"selectionBehavior":"all","action":[{"title":"Immunize patient for Measles","description":"Provide measles immunization","code":[{"coding":[{"system":"http://hl7.org/fhir/uv/cpg/CodeSystem/cpg-common-process-cs","code":"dispense-medications"}]}],"selectionBehavior":"all","definitionCanonical":"http://smart.who.int/ig/smart-immunizations/PlanDefinition/IMMZD2DTMeasles"}]}]}