{"resourceType":"ValueSet","id":"anc-b9-de45","meta":{"profile":["http://hl7.org/fhir/uv/cpg/StructureDefinition/cpg-executablevalueset"]},"text":{"status":"generated","div":"<div xmlns=\"http://www.w3.org/1999/xhtml\"><p>This value set contains 1 concepts</p><table class=\"codes\"><tr><td style=\"white-space:nowrap\"><b>Code</b></td><td><b>System</b></td><td><b>Display</b></td></tr><tr><td style=\"white-space:nowrap\"><a name=\"http---fhir.org-guides-who-anc-cds-CodeSystem-anc-custom-codes-ANC.B9.DE45\"> </a>\u00a0\u00a0ANC.B9.DE45</td><td>http://fhir.org/guides/who/anc-cds/CodeSystem/anc-custom-codes</td><td>HIV status</td></tr></table></div>"},"extension":[{"url":"http://hl7.org/fhir/uv/cpg/StructureDefinition/cpg-knowledgeCapability","valueString":"executable"},{"url":"http://hl7.org/fhir/uv/cpg/StructureDefinition/cpg-knowledgeRepresentationLevel","valueString":"executable"}],"url":"http://fhir.org/guides/who/anc-cds/ValueSet/anc-b9-de45","version":"0.1.0","name":"HIVstatus","title":"HIV status","status":"draft","experimental":false,"date":"2023-10-16T21:55:06+00:00","publisher":"World Health Organization (WHO)","contact":[{"name":"World Health Organization (WHO)","telecom":[{"system":"url","value":"https://www.who.int"}]}],"description":"Codes representing possible values for the HIV status element","jurisdiction":[{"coding":[{"system":"http://unstats.un.org/unsd/methods/m49/m49.htm","code":"001"}]}],"immutable":true,"compose":{"include":[{"system":"http://fhir.org/guides/who/anc-cds/CodeSystem/anc-custom-codes","concept":[{"code":"ANC.B9.DE45","display":"HIV status"}]}]},"expansion":{"timestamp":"2021-11-30T07:11:23-07:00","contains":[{"system":"http://fhir.org/guides/who/anc-cds/CodeSystem/anc-custom-codes","code":"ANC.B9.DE45","display":"HIV status"}]}}