{"resourceType":"ValueSet","id":"IMMZ.D1.DE87","text":{"status":"extensions","div":"<div xmlns=\"http://www.w3.org/1999/xhtml\"><ul><li>Include these codes as defined in <a href=\"CodeSystem-IMMZ.D1.html\"><code>http://smart.who.int/ig/smart-immunizations/CodeSystem/IMMZ.D1</code></a><table class=\"none\"><tr><td style=\"white-space:nowrap\"><b>Code</b></td><td><b>Display</b></td><td><b>Definition</b></td></tr><tr><td><a href=\"CodeSystem-IMMZ.D1.html#IMMZ.D1-DE88\">DE88</a></td><td>Positive</td><td>Test result was positive</td></tr><tr><td><a href=\"CodeSystem-IMMZ.D1.html#IMMZ.D1-DE89\">DE89</a></td><td>Negative</td><td>Test result was negative</td></tr></table></li></ul></div>"},"url":"http://smart.who.int/ig/smart-immunizations/ValueSet/IMMZ.D1.DE87","version":"0.1.0","name":"IMMZ_D1_DE87","title":"IMMZ.D1.DE87 ValueSet for TB infection test result","status":"active","date":"2023-10-16T21:55:06+00:00","publisher":"World Health Organization (WHO)","contact":[{"name":"World Health Organization (WHO)","telecom":[{"system":"url","value":"https://www.who.int"}]}],"description":"ValueSet for TB infection test result for IMMZ.D1.DE87.","jurisdiction":[{"coding":[{"system":"http://unstats.un.org/unsd/methods/m49/m49.htm","code":"001"}]}],"compose":{"include":[{"system":"http://smart.who.int/ig/smart-immunizations/CodeSystem/IMMZ.D1","concept":[{"code":"DE88","display":"Positive"},{"code":"DE89","display":"Negative"}]}]}}