{"resourceType":"ValueSet","id":"IMMZ.D1.DE56","text":{"status":"extensions","div":"<div xmlns=\"http://www.w3.org/1999/xhtml\"><ul><li>Include these codes as defined in <a href=\"CodeSystem-IMMZ.D1.html\"><code>http://smart.who.int/ig/smart-immunizations/CodeSystem/IMMZ.D1</code></a><table class=\"none\"><tr><td style=\"white-space:nowrap\"><b>Code</b></td><td><b>Display</b></td><td><b>Definition</b></td></tr><tr><td><a href=\"CodeSystem-IMMZ.D1.html#IMMZ.D1-DE57\">DE57</a></td><td>FSME-Immun</td><td>FSME-Immun vaccine product, which is an inactivated whole-virus vaccine for tick-borne encephalitis (TBE)</td></tr><tr><td><a href=\"CodeSystem-IMMZ.D1.html#IMMZ.D1-DE58\">DE58</a></td><td>Encepur</td><td>Encepur vaccine product, which is an inactivated viral vaccine for tick-borne encephalitis (TBE)</td></tr><tr><td><a href=\"CodeSystem-IMMZ.D1.html#IMMZ.D1-DE59\">DE59</a></td><td>TBE-Moscow</td><td>TBE-Moscow vaccine product, which is a vaccine for tick-borne encephalitis (TBE)</td></tr><tr><td><a href=\"CodeSystem-IMMZ.D1.html#IMMZ.D1-DE60\">DE60</a></td><td>EnceVir</td><td>EnceVir vaccine product, which is a vaccine for tick-borne encephalitis (TBE)</td></tr></table></li></ul></div>"},"url":"http://smart.who.int/ig/smart-immunizations/ValueSet/IMMZ.D1.DE56","version":"0.1.0","name":"IMMZ_D1_DE56","title":"IMMZ.D1.DE56 ValueSet for Type of last TBE dose","status":"active","date":"2023-10-16T21:55:06+00:00","publisher":"World Health Organization (WHO)","contact":[{"name":"World Health Organization (WHO)","telecom":[{"system":"url","value":"https://www.who.int"}]}],"description":"ValueSet for Type of last TBE dose for IMMZ.D1.DE56.","jurisdiction":[{"coding":[{"system":"http://unstats.un.org/unsd/methods/m49/m49.htm","code":"001"}]}],"compose":{"include":[{"system":"http://smart.who.int/ig/smart-immunizations/CodeSystem/IMMZ.D1","concept":[{"code":"DE57","display":"FSME-Immun"},{"code":"DE58","display":"Encepur"},{"code":"DE59","display":"TBE-Moscow"},{"code":"DE60","display":"EnceVir"}]}]}}