{"resourceType":"ValueSet","id":"pregnancystatuspregnant-values","text":{"status":"generated","div":"<div xmlns=\"http://www.w3.org/1999/xhtml\"><p>This value set includes codes based on the following rules:</p><ul><li>Include these codes as defined in <a href=\"http://loinc.org\"><code>http://loinc.org</code></a><table class=\"none\"><tr><td style=\"white-space:nowrap\"><b>Code</b></td><td><b>Display</b></td></tr><tr><td><a href=\"https://loinc.org/LA15173-0/\">LA15173-0</a></td><td>Pregnant</td></tr></table></li><li>Include these codes as defined in <a href=\"http://www.snomed.org/\"><code>http://snomed.info/sct</code></a><table class=\"none\"><tr><td style=\"white-space:nowrap\"><b>Code</b></td><td><b>Display</b></td></tr><tr><td><a href=\"http://snomed.info/id/77386006\">77386006</a></td><td>Pregnant</td></tr></table></li></ul></div>"},"url":"http://fhir.org/guides/who/core/ValueSet/pregnancystatus-values","version":"0.1.0","name":"pregnancystatuspregnant-values","title":"Pregnancy status pregnant values","status":"draft","experimental":false,"date":"2023-10-16T21:55:06+00:00","publisher":"World Health Organization (WHO)","contact":[{"name":"World Health Organization (WHO)","telecom":[{"system":"url","value":"https://www.who.int"}]}],"description":"Codes representing possible values for the Pregnancy status as pregnant","jurisdiction":[{"coding":[{"system":"http://unstats.un.org/unsd/methods/m49/m49.htm","code":"001"}]}],"immutable":true,"compose":{"include":[{"system":"http://loinc.org","concept":[{"code":"LA15173-0","display":"Pregnant"}]},{"system":"http://snomed.info/sct","concept":[{"code":"77386006","display":"Pregnant"}]}]}}