<?xml version="1.0" encoding="UTF-8"?><ValueSet xmlns="http://hl7.org/fhir"><id value="highest-level-of-education-achieved-values"/><text><status value="extensions"/><div xmlns="http://www.w3.org/1999/xhtml"><p>This value set includes codes based on the following rules:</p><ul><li>Include these codes as defined in <a href="http://terminology.hl7.org/5.2.0/CodeSystem-v3-EducationLevel.html"><code>http://terminology.hl7.org/CodeSystem/v3-EducationLevel</code></a><table class="none"><tr><td style="white-space:nowrap"><b>Code</b></td><td><b>Display</b></td><td><b>Definition</b></td></tr><tr><td><a href="http://terminology.hl7.org/5.2.0/CodeSystem-v3-EducationLevel.html#v3-EducationLevel-HS">HS</a></td><td>High School</td><td>High School or secondary school degree complete</td></tr><tr><td><a href="http://terminology.hl7.org/5.2.0/CodeSystem-v3-EducationLevel.html#v3-EducationLevel-ELEM">ELEM</a></td><td>Elementary education</td><td>Elementary School</td></tr></table></li><li>Include these codes as defined in <code>http://who.int/cg/CodeSystem/extended-content</code><table class="none"><tr><td style="white-space:nowrap"><b>Code</b></td><td><b>Display</b></td></tr><tr><td>NONE</td><td>No education</td></tr></table></li></ul></div></text><url value="http://fhir.org/guides/who/core/ValueSet/highest-level-of-education-achieved-values"/><version value="0.1.0"/><name value="highest-level-of-education-achieved-values"/><title value="Highest level of education achieved values"/><status value="draft"/><experimental value="false"/><date value="2023-10-16T21:55:06+00:00"/><publisher value="World Health Organization (WHO)"/><contact><name value="World Health Organization (WHO)"/><telecom><system value="url"/><value value="https://www.who.int"/></telecom></contact><description value="Codes representing possible values for the Highest level of education achieved element"/><jurisdiction><coding><system value="http://unstats.un.org/unsd/methods/m49/m49.htm"/><code value="001"/></coding></jurisdiction><immutable value="true"/><compose><include><system value="http://terminology.hl7.org/CodeSystem/v3-EducationLevel"/><concept><code value="HS"/><display value="High School"/></concept><concept><code value="ELEM"/><display value="Elementary education"/></concept></include><include><system value="http://who.int/cg/CodeSystem/extended-content"/><concept><code value="NONE"/><display value="No education"/></concept></include></compose></ValueSet>