<?xml version="1.0" encoding="UTF-8"?><ValueSet xmlns="http://hl7.org/fhir"><id value="IMMZ.D1.DE87"/><text><status value="extensions"/><div xmlns="http://www.w3.org/1999/xhtml"><ul><li>Include these codes as defined in <a href="CodeSystem-IMMZ.D1.html"><code>http://smart.who.int/ig/smart-immunizations/CodeSystem/IMMZ.D1</code></a><table class="none"><tr><td style="white-space:nowrap"><b>Code</b></td><td><b>Display</b></td><td><b>Definition</b></td></tr><tr><td><a href="CodeSystem-IMMZ.D1.html#IMMZ.D1-DE88">DE88</a></td><td>Positive</td><td>Test result was positive</td></tr><tr><td><a href="CodeSystem-IMMZ.D1.html#IMMZ.D1-DE89">DE89</a></td><td>Negative</td><td>Test result was negative</td></tr></table></li></ul></div></text><url value="http://smart.who.int/ig/smart-immunizations/ValueSet/IMMZ.D1.DE87"/><version value="0.1.0"/><name value="IMMZ_D1_DE87"/><title value="IMMZ.D1.DE87 ValueSet for TB infection test result"/><status value="active"/><date value="2023-10-16T21:55:06+00:00"/><publisher value="World Health Organization (WHO)"/><contact><name value="World Health Organization (WHO)"/><telecom><system value="url"/><value value="https://www.who.int"/></telecom></contact><description value="ValueSet for TB infection test result for IMMZ.D1.DE87."/><jurisdiction><coding><system value="http://unstats.un.org/unsd/methods/m49/m49.htm"/><code value="001"/></coding></jurisdiction><compose><include><system value="http://smart.who.int/ig/smart-immunizations/CodeSystem/IMMZ.D1"/><concept><code value="DE88"/><display value="Positive"/></concept><concept><code value="DE89"/><display value="Negative"/></concept></include></compose></ValueSet>