<?xml version="1.0" encoding="UTF-8"?><ValueSet xmlns="http://hl7.org/fhir"><id value="IMMZ.A1.DE9"/><text><status value="generated"/><div xmlns="http://www.w3.org/1999/xhtml"><p>This value set includes codes based on the following rules:</p><ul><li>Include these codes as defined in <a href="http://www.whocc.no/atc"><code>http://www.whocc.no/atc</code></a><table class="none"><tr><td style="white-space:nowrap"><b>Code</b></td><td><b>Display</b></td></tr><tr><td>J07BD53</td><td>measles, combinations with rubella, live attenuated</td></tr><tr><td>J07BD54</td><td>measles, combinations with mumps, rubella and varicella, live attenuated</td></tr><tr><td>J07BD</td><td>Measles vaccines</td></tr><tr><td>J07BD52</td><td>measles, combinations with mumps and rubella, live attenuated</td></tr><tr><td>J07BD01</td><td>measles, live attenuated</td></tr><tr><td>J07BD51</td><td>measles, combinations with mumps, live attenuated</td></tr></table></li><li>Include these codes as defined in <a href="http://www.snomed.org/"><code>http://snomed.info/sct</code></a><table class="none"><tr><td style="white-space:nowrap"><b>Code</b></td><td><b>Display</b></td></tr><tr><td><a href="http://snomed.info/id/440075005">440075005</a></td><td>Live measles + rubella vaccine injection dose form (product)</td></tr><tr><td><a href="http://snomed.info/id/419550004">419550004</a></td><td>Measles + mumps + rubella + varicella vaccine (product)</td></tr><tr><td><a href="http://snomed.info/id/386012008">386012008</a></td><td>Measles vaccine (product)</td></tr><tr><td><a href="http://snomed.info/id/400449000">400449000</a></td><td>Measles virus vaccine, live, 0.5mL/vial powder for injection (product)</td></tr><tr><td><a href="http://snomed.info/id/61153008">61153008</a></td><td>Measles, mumps and rubella vaccine (product)</td></tr><tr><td><a href="http://snomed.info/id/347649008">347649008</a></td><td>Measles/mumps/rubella vaccine powder and solvent for injection solution vial (product)</td></tr><tr><td><a href="http://snomed.info/id/419771007">419771007</a></td><td>Measles/mumps/rubella/varicella vaccine powder and solvent for injection solution vial (product)</td></tr></table></li><li>Include these codes as defined in <code>ICD-11</code><table class="none"><tr><td style="white-space:nowrap"><b>Code</b></td><td><b>Display</b></td></tr><tr><td>XM28X5</td><td>Measles vaccines</td></tr></table></li><li>Include these codes as defined in <a href="http://loinc.org"><code>http://loinc.org</code></a><table class="none"><tr><td style="white-space:nowrap"><b>Code</b></td><td><b>Display</b></td></tr><tr><td><a href="https://loinc.org/30940-1/">30940-1</a></td><td>Measles virus+Mumps virus+Rubella virus dose count in combination vaccine</td></tr></table></li></ul></div></text><url value="http://smart.who.int/ig/smart-immunizations/ValueSet/IMMZ.A1.DE9"/><version value="0.1.0"/><name value="Measles"/><status value="draft"/><experimental value="false"/><date value="2023-10-16T21:55:06+00:00"/><publisher value="World Health Organization (WHO)"/><contact><name value="World Health Organization (WHO)"/><telecom><system value="url"/><value value="https://www.who.int"/></telecom></contact><jurisdiction><coding><system value="http://unstats.un.org/unsd/methods/m49/m49.htm"/><code value="001"/></coding></jurisdiction><immutable value="true"/><compose><include><system value="http://www.whocc.no/atc"/><concept><code value="J07BD53"/><display value="measles, combinations with rubella, live attenuated"/></concept><concept><code value="J07BD54"/><display value="measles, combinations with mumps, rubella and varicella, live attenuated"/></concept><concept><code value="J07BD"/><display value="Measles vaccines"/></concept><concept><code value="J07BD52"/><display value="measles, combinations with mumps and rubella, live attenuated"/></concept><concept><code value="J07BD01"/><display value="measles, live attenuated"/></concept><concept><code value="J07BD51"/><display value="measles, combinations with mumps, live attenuated"/></concept></include><include><system value="http://snomed.info/sct"/><concept><code value="440075005"/><display value="Live measles + rubella vaccine injection dose form (product)"/></concept><concept><code value="419550004"/><display value="Measles + mumps + rubella + varicella vaccine (product)"/></concept><concept><code value="386012008"/><display value="Measles vaccine (product)"/></concept><concept><code value="400449000"/><display value="Measles virus vaccine, live, 0.5mL/vial powder for injection (product)"/></concept><concept><code value="61153008"/><display value="Measles, mumps and rubella vaccine (product)"/></concept><concept><code value="347649008"/><display value="Measles/mumps/rubella vaccine powder and solvent for injection solution vial (product)"/></concept><concept><code value="419771007"/><display value="Measles/mumps/rubella/varicella vaccine powder and solvent for injection solution vial (product)"/></concept></include><include><system value="ICD-11"/><concept><code value="XM28X5"/><display value="Measles vaccines"/></concept></include><include><system value="http://loinc.org"/><concept><code value="30940-1"/><display value="Measles virus+Mumps virus+Rubella virus dose count in combination vaccine"/></concept></include></compose></ValueSet>