<?xml version="1.0" encoding="UTF-8"?><ValueSet xmlns="http://hl7.org/fhir"><id value="anc-b9-de45"/><meta><profile value="http://hl7.org/fhir/uv/cpg/StructureDefinition/cpg-executablevalueset"/></meta><text><status value="generated"/><div xmlns="http://www.w3.org/1999/xhtml"><p>This value set contains 1 concepts</p><table class="codes"><tr><td style="white-space:nowrap"><b>Code</b></td><td><b>System</b></td><td><b>Display</b></td></tr><tr><td style="white-space:nowrap"><a name="http---fhir.org-guides-who-anc-cds-CodeSystem-anc-custom-codes-ANC.B9.DE45"> </a>  ANC.B9.DE45</td><td>http://fhir.org/guides/who/anc-cds/CodeSystem/anc-custom-codes</td><td>HIV status</td></tr></table></div></text><extension url="http://hl7.org/fhir/uv/cpg/StructureDefinition/cpg-knowledgeCapability"><valueString value="executable"/></extension><extension url="http://hl7.org/fhir/uv/cpg/StructureDefinition/cpg-knowledgeRepresentationLevel"><valueString value="executable"/></extension><url value="http://fhir.org/guides/who/anc-cds/ValueSet/anc-b9-de45"/><version value="0.1.0"/><name value="HIVstatus"/><title value="HIV status"/><status value="draft"/><experimental value="false"/><date value="2023-10-16T21:55:06+00:00"/><publisher value="World Health Organization (WHO)"/><contact><name value="World Health Organization (WHO)"/><telecom><system value="url"/><value value="https://www.who.int"/></telecom></contact><description value="Codes representing possible values for the HIV status element"/><jurisdiction><coding><system value="http://unstats.un.org/unsd/methods/m49/m49.htm"/><code value="001"/></coding></jurisdiction><immutable value="true"/><compose><include><system value="http://fhir.org/guides/who/anc-cds/CodeSystem/anc-custom-codes"/><concept><code value="ANC.B9.DE45"/><display value="HIV status"/></concept></include></compose><expansion><timestamp value="2021-11-30T07:11:23-07:00"/><contains><system value="http://fhir.org/guides/who/anc-cds/CodeSystem/anc-custom-codes"/><code value="ANC.B9.DE45"/><display value="HIV status"/></contains></expansion></ValueSet>