<?xml version="1.0" encoding="UTF-8"?><ValueSet xmlns="http://hl7.org/fhir"><id value="IMMZ.D1.DE52"/><text><status value="extensions"/><div xmlns="http://www.w3.org/1999/xhtml"><ul><li>Include these codes as defined in <a href="CodeSystem-IMMZ.D1.html"><code>http://smart.who.int/ig/smart-immunizations/CodeSystem/IMMZ.D1</code></a><table class="none"><tr><td style="white-space:nowrap"><b>Code</b></td><td><b>Display</b></td><td><b>Definition</b></td></tr><tr><td><a href="CodeSystem-IMMZ.D1.html#IMMZ.D1-DE53">DE53</a></td><td>Inactivated Vero cell-derived vaccine</td><td>Inactivated Vero cell-derived Japanese encephalitis (JE) vaccine type</td></tr><tr><td><a href="CodeSystem-IMMZ.D1.html#IMMZ.D1-DE54">DE54</a></td><td>Live attenuated vaccine</td><td>Live attenuated Japanese encephalitis (JE) vaccine type</td></tr><tr><td><a href="CodeSystem-IMMZ.D1.html#IMMZ.D1-DE55">DE55</a></td><td>Live recombinant vaccine</td><td>Live recombinant Japanese encephalitis (JE) vaccine type</td></tr></table></li></ul></div></text><url value="http://smart.who.int/ig/smart-immunizations/ValueSet/IMMZ.D1.DE52"/><version value="0.1.0"/><name value="IMMZ_D1_DE52"/><title value="IMMZ.D1.DE52 ValueSet for Type of last JE dose"/><status value="active"/><date value="2023-10-16T21:55:06+00:00"/><publisher value="World Health Organization (WHO)"/><contact><name value="World Health Organization (WHO)"/><telecom><system value="url"/><value value="https://www.who.int"/></telecom></contact><description value="ValueSet for Type of last JE dose for IMMZ.D1.DE52."/><jurisdiction><coding><system value="http://unstats.un.org/unsd/methods/m49/m49.htm"/><code value="001"/></coding></jurisdiction><compose><include><system value="http://smart.who.int/ig/smart-immunizations/CodeSystem/IMMZ.D1"/><concept><code value="DE53"/><display value="Inactivated Vero cell-derived vaccine"/></concept><concept><code value="DE54"/><display value="Live attenuated vaccine"/></concept><concept><code value="DE55"/><display value="Live recombinant vaccine"/></concept></include></compose></ValueSet>