<?xml version="1.0" encoding="UTF-8"?><ValueSet xmlns="http://hl7.org/fhir"><id value="IMMZ.D1.DE56"/><text><status value="extensions"/><div xmlns="http://www.w3.org/1999/xhtml"><ul><li>Include these codes as defined in <a href="CodeSystem-IMMZ.D1.html"><code>http://smart.who.int/ig/smart-immunizations/CodeSystem/IMMZ.D1</code></a><table class="none"><tr><td style="white-space:nowrap"><b>Code</b></td><td><b>Display</b></td><td><b>Definition</b></td></tr><tr><td><a href="CodeSystem-IMMZ.D1.html#IMMZ.D1-DE57">DE57</a></td><td>FSME-Immun</td><td>FSME-Immun vaccine product, which is an inactivated whole-virus vaccine for tick-borne encephalitis (TBE)</td></tr><tr><td><a href="CodeSystem-IMMZ.D1.html#IMMZ.D1-DE58">DE58</a></td><td>Encepur</td><td>Encepur vaccine product, which is an inactivated viral vaccine for tick-borne encephalitis (TBE)</td></tr><tr><td><a href="CodeSystem-IMMZ.D1.html#IMMZ.D1-DE59">DE59</a></td><td>TBE-Moscow</td><td>TBE-Moscow vaccine product, which is a vaccine for tick-borne encephalitis (TBE)</td></tr><tr><td><a href="CodeSystem-IMMZ.D1.html#IMMZ.D1-DE60">DE60</a></td><td>EnceVir</td><td>EnceVir vaccine product, which is a vaccine for tick-borne encephalitis (TBE)</td></tr></table></li></ul></div></text><url value="http://smart.who.int/ig/smart-immunizations/ValueSet/IMMZ.D1.DE56"/><version value="0.1.0"/><name value="IMMZ_D1_DE56"/><title value="IMMZ.D1.DE56 ValueSet for Type of last TBE dose"/><status value="active"/><date value="2023-10-16T21:55:06+00:00"/><publisher value="World Health Organization (WHO)"/><contact><name value="World Health Organization (WHO)"/><telecom><system value="url"/><value value="https://www.who.int"/></telecom></contact><description value="ValueSet for Type of last TBE dose for IMMZ.D1.DE56."/><jurisdiction><coding><system value="http://unstats.un.org/unsd/methods/m49/m49.htm"/><code value="001"/></coding></jurisdiction><compose><include><system value="http://smart.who.int/ig/smart-immunizations/CodeSystem/IMMZ.D1"/><concept><code value="DE57"/><display value="FSME-Immun"/></concept><concept><code value="DE58"/><display value="Encepur"/></concept><concept><code value="DE59"/><display value="TBE-Moscow"/></concept><concept><code value="DE60"/><display value="EnceVir"/></concept></include></compose></ValueSet>