<?xml version="1.0" encoding="UTF-8"?><ValueSet xmlns="http://hl7.org/fhir"><id value="devicebirthcontrolmethods-values"/><text><status value="generated"/><div xmlns="http://www.w3.org/1999/xhtml"><p>This value set includes codes based on the following rules:</p><ul><li>Include these codes as defined in <a href="http://www.snomed.org/"><code>http://snomed.info/sct</code></a><table class="none"><tr><td style="white-space:nowrap"><b>Code</b></td><td><b>Display</b></td></tr><tr><td><a href="http://snomed.info/id/169450001">169450001</a></td><td>No Device-based method</td></tr><tr><td><a href="http://snomed.info/id/449038007">449038007</a></td><td>Levonorgestrel IUD (LNG-IUD)</td></tr><tr><td><a href="http://snomed.info/id/448962006">448962006</a></td><td>Copper-bearing intrauterine device (Cu-IUD)</td></tr><tr><td><a href="http://snomed.info/id/312081001">312081001</a></td><td>Unspecified IUD</td></tr><tr><td><a href="http://snomed.info/id/428987008">428987008</a></td><td>Implant</td></tr><tr><td><a href="http://snomed.info/id/396050000">396050000</a></td><td>Etonogestrel (ETG) one-rod implant</td></tr><tr><td><a href="http://snomed.info/id/450881000124106">450881000124106</a></td><td>Combined contraceptive patch</td></tr><tr><td><a href="http://snomed.info/id/702680002">702680002</a></td><td>Combined contraceptive vaginal ring (CVR)</td></tr><tr><td><a href="http://snomed.info/id/225370004">225370004</a></td><td>Barrier method</td></tr><tr><td><a href="http://snomed.info/id/275831001">275831001</a></td><td>Male condom</td></tr><tr><td><a href="http://snomed.info/id/228479001">228479001</a></td><td>Female condom</td></tr></table></li><li>Include these codes as defined in <a href="http://loinc.org"><code>http://loinc.org</code></a><table class="none"><tr><td style="white-space:nowrap"><b>Code</b></td><td><b>Display</b></td></tr><tr><td><a href="https://loinc.org/LA27902-8/">LA27902-8</a></td><td>Levonorgestrel IUD (LNG-IUD)</td></tr><tr><td><a href="https://loinc.org/LA27903-6/">LA27903-6</a></td><td>Copper-bearing intrauterine device (Cu-IUD)</td></tr><tr><td><a href="https://loinc.org/LA27904-4/">LA27904-4</a></td><td>Unspecified IUD</td></tr><tr><td><a href="https://loinc.org/LA27901-0/">LA27901-0</a></td><td>Implant</td></tr><tr><td><a href="https://loinc.org/LA16581-3/">LA16581-3</a></td><td>Combined contraceptive patch</td></tr><tr><td><a href="https://loinc.org/LA14546-8/">LA14546-8</a></td><td>Combined contraceptive vaginal ring (CVR)</td></tr></table></li><li>Include these codes as defined in <a href="http://www.nlm.nih.gov/research/umls/rxnorm"><code>http://www.nlm.nih.gov/research/umls/rxnorm</code></a><table class="none"><tr><td style="white-space:nowrap"><b>Code</b></td><td><b>Display</b></td></tr><tr><td>3127785</td><td>Levonorgestrel IUD (LNG-IUD)</td></tr><tr><td>393401</td><td>Etonogestrel (ETG) one-rod implant</td></tr><tr><td>646249</td><td>Etonogestrel (ETG) one-rod implant</td></tr><tr><td>710529</td><td>Combined contraceptive vaginal ring (CVR)</td></tr><tr><td>2109022</td><td>Progesterone-releasing vaginal ring (PVR)</td></tr></table></li><li>Include these codes as defined in <code>http://who.int/cg/CodeSystem/extended-content</code><table class="none"><tr><td style="white-space:nowrap"><b>Code</b></td><td><b>Display</b></td></tr><tr><td>Levonorgestrel (LNG) two-rod implant</td><td>Levonorgestrel (LNG) two-rod implant</td></tr></table></li><li>Include these codes as defined in <a href="http://terminology.hl7.org/5.2.0/CodeSystem-icd10.html"><code>http://hl7.org/fhir/sid/icd-10</code></a><table class="none"><tr><td style="white-space:nowrap"><b>Code</b></td><td><b>Display</b></td></tr><tr><td>Z30.49</td><td>Female condom</td></tr></table></li></ul></div></text><url value="http://fhir.org/guides/who/core/ValueSet/devicebirthcontrolmethods-values"/><version value="0.1.0"/><name value="devicebirthcontrolmethods-values"/><title value="Contraceptive history - Device-based values"/><status value="draft"/><experimental value="false"/><date value="2023-10-16T21:55:06+00:00"/><publisher value="World Health Organization (WHO)"/><contact><name value="World Health Organization (WHO)"/><telecom><system value="url"/><value value="https://www.who.int"/></telecom></contact><description value="Codes representing possible values for the Contraceptive history - Device-based element"/><jurisdiction><coding><system value="http://unstats.un.org/unsd/methods/m49/m49.htm"/><code value="001"/></coding></jurisdiction><immutable value="true"/><compose><include><system value="http://snomed.info/sct"/><concept><code value="169450001"/><display value="No Device-based method"/></concept><concept><code value="449038007"/><display value="Levonorgestrel IUD (LNG-IUD)"/></concept><concept><code value="448962006"/><display value="Copper-bearing intrauterine device (Cu-IUD)"/></concept><concept><code value="312081001"/><display value="Unspecified IUD"/></concept><concept><code value="428987008"/><display value="Implant"/></concept><concept><code value="396050000"/><display value="Etonogestrel (ETG) one-rod implant"/></concept><concept><code value="450881000124106"/><display value="Combined contraceptive patch"/></concept><concept><code value="702680002"/><display value="Combined contraceptive vaginal ring (CVR)"/></concept><concept><code value="225370004"/><display value="Barrier method"/></concept><concept><code value="275831001"/><display value="Male condom"/></concept><concept><code value="228479001"/><display value="Female condom"/></concept></include><include><system value="http://loinc.org"/><concept><code value="LA27902-8"/><display value="Levonorgestrel IUD (LNG-IUD)"/></concept><concept><code value="LA27903-6"/><display value="Copper-bearing intrauterine device (Cu-IUD)"/></concept><concept><code value="LA27904-4"/><display value="Unspecified IUD"/></concept><concept><code value="LA27901-0"/><display value="Implant"/></concept><concept><code value="LA16581-3"/><display value="Combined contraceptive patch"/></concept><concept><code value="LA14546-8"/><display value="Combined contraceptive vaginal ring (CVR)"/></concept></include><include><system value="http://www.nlm.nih.gov/research/umls/rxnorm"/><concept><code value="3127785"/><display value="Levonorgestrel IUD (LNG-IUD)"/></concept><concept><code value="393401"/><display value="Etonogestrel (ETG) one-rod implant"/></concept><concept><code value="646249"/><display value="Etonogestrel (ETG) one-rod implant"/></concept><concept><code value="710529"/><display value="Combined contraceptive vaginal ring (CVR)"/></concept><concept><code value="2109022"/><display value="Progesterone-releasing vaginal ring (PVR)"/></concept></include><include><system value="http://who.int/cg/CodeSystem/extended-content"/><concept><code value="Levonorgestrel (LNG) two-rod implant"/><display value="Levonorgestrel (LNG) two-rod implant"/></concept></include><include><system value="http://hl7.org/fhir/sid/icd-10"/><concept><code value="Z30.49"/><display value="Female condom"/></concept></include></compose></ValueSet>