<?xml version="1.0" encoding="UTF-8"?><ValueSet xmlns="http://hl7.org/fhir"><id value="IMMZ.D1.DE65"/><text><status value="extensions"/><div xmlns="http://www.w3.org/1999/xhtml"><ul><li>Include these codes as defined in <a href="CodeSystem-IMMZ.D1.html"><code>http://smart.who.int/ig/smart-immunizations/CodeSystem/IMMZ.D1</code></a><table class="none"><tr><td style="white-space:nowrap"><b>Code</b></td><td><b>Display</b></td><td><b>Definition</b></td></tr><tr><td><a href="CodeSystem-IMMZ.D1.html#IMMZ.D1-DE66">DE66</a></td><td>WC vaccine</td><td>Killed whole cell (WC) only cholera vaccine</td></tr><tr><td><a href="CodeSystem-IMMZ.D1.html#IMMZ.D1-DE67">DE67</a></td><td>WC-rBS vaccine</td><td>Vaccine contains a mixture of the recombinant B subunit (rBS) of cholera toxin plus killed whole cell (WC)</td></tr></table></li></ul></div></text><url value="http://smart.who.int/ig/smart-immunizations/ValueSet/IMMZ.D1.DE65"/><version value="0.1.0"/><name value="IMMZ_D1_DE65"/><title value="IMMZ.D1.DE65 ValueSet for Type of last cholera dose"/><status value="active"/><date value="2023-10-16T21:55:06+00:00"/><publisher value="World Health Organization (WHO)"/><contact><name value="World Health Organization (WHO)"/><telecom><system value="url"/><value value="https://www.who.int"/></telecom></contact><description value="ValueSet for Type of last cholera dose for IMMZ.D1.DE65."/><jurisdiction><coding><system value="http://unstats.un.org/unsd/methods/m49/m49.htm"/><code value="001"/></coding></jurisdiction><compose><include><system value="http://smart.who.int/ig/smart-immunizations/CodeSystem/IMMZ.D1"/><concept><code value="DE66"/><display value="WC vaccine"/></concept><concept><code value="DE67"/><display value="WC-rBS vaccine"/></concept></include></compose></ValueSet>