<?xml version="1.0" encoding="UTF-8"?><ValueSet xmlns="http://hl7.org/fhir"><id value="marital-status-values"/><text><status value="extensions"/><div xmlns="http://www.w3.org/1999/xhtml"><ul><li>Include these codes as defined in <a href="http://terminology.hl7.org/5.2.0/CodeSystem-v3-MaritalStatus.html"><code>http://terminology.hl7.org/CodeSystem/v3-MaritalStatus</code></a><table class="none"><tr><td style="white-space:nowrap"><b>Code</b></td><td><b>Display</b></td><td><b>Definition</b></td></tr><tr><td><a href="http://terminology.hl7.org/5.2.0/CodeSystem-v3-MaritalStatus.html#v3-MaritalStatus-U">U</a></td><td>Unmarried</td><td>Currently not in a marriage contract.</td></tr><tr><td><a href="http://terminology.hl7.org/5.2.0/CodeSystem-v3-MaritalStatus.html#v3-MaritalStatus-M">M</a></td><td>Married</td><td>A current marriage contract is active</td></tr><tr><td><a href="http://terminology.hl7.org/5.2.0/CodeSystem-v3-MaritalStatus.html#v3-MaritalStatus-D">D</a></td><td>Divorced</td><td>Marriage contract has been declared dissolved and inactive</td></tr><tr><td><a href="http://terminology.hl7.org/5.2.0/CodeSystem-v3-MaritalStatus.html#v3-MaritalStatus-W">W</a></td><td>Widowed</td><td>The spouse has died</td></tr><tr><td><a href="http://terminology.hl7.org/5.2.0/CodeSystem-v3-MaritalStatus.html#v3-MaritalStatus-UNK">UNK</a></td><td>Unknown</td><td/></tr></table></li></ul></div></text><url value="http://fhir.org/guides/who/core/ValueSet/marital-status-values"/><version value="0.1.0"/><name value="marital-status-values"/><title value="Marital Status values"/><status value="draft"/><experimental value="false"/><date value="2023-10-16T21:55:06+00:00"/><publisher value="World Health Organization (WHO)"/><contact><name value="World Health Organization (WHO)"/><telecom><system value="url"/><value value="https://www.who.int"/></telecom></contact><description value="Codes representing possible values for the Marital Status element"/><jurisdiction><coding><system value="http://unstats.un.org/unsd/methods/m49/m49.htm"/><code value="001"/></coding></jurisdiction><immutable value="true"/><compose><include><system value="http://terminology.hl7.org/CodeSystem/v3-MaritalStatus"/><concept><code value="U"/><display value="Unmarried"/></concept><concept><code value="M"/><display value="Married"/></concept><concept><code value="D"/><display value="Divorced"/></concept><concept><code value="W"/><display value="Widowed"/></concept><concept><code value="UNK"/><display value="Unknown"/></concept></include></compose></ValueSet>