<?xml version="1.0" encoding="UTF-8"?><ValueSet xmlns="http://hl7.org/fhir"><id value="current-medications-values"/><text><status value="generated"/><div xmlns="http://www.w3.org/1999/xhtml"><p>This value set includes codes based on the following rules:</p><ul><li>Include these codes as defined in <code>http://who.int/cg/CodeSystem/extended-content</code><table class="none"><tr><td style="white-space:nowrap"><b>Code</b></td><td><b>Display</b></td></tr><tr><td>Don't know</td><td>Don't know</td></tr><tr><td>STI medication</td><td>STI medication</td></tr><tr><td>Other Antibiotics</td><td>Other antibiotics</td></tr><tr><td>Other</td><td>Other (specify)</td></tr></table></li><li>Include these codes as defined in <a href="http://www.snomed.org/"><code>http://snomed.info/sct</code></a><table class="none"><tr><td style="white-space:nowrap"><b>Code</b></td><td><b>Display</b></td></tr><tr><td><a href="http://snomed.info/id/788081006">788081006</a></td><td>Antivirals</td></tr><tr><td><a href="http://snomed.info/id/788075003">788075003</a></td><td>Antiretrovirals</td></tr><tr><td><a href="http://snomed.info/id/409516001">409516001</a></td><td>PrEP</td></tr></table></li></ul></div></text><url value="http://fhir.org/guides/who/core/ValueSet/current-medications-values"/><version value="0.1.0"/><name value="current-medications-values"/><title value="Current medications values"/><status value="draft"/><experimental value="false"/><date value="2023-10-16T21:55:06+00:00"/><publisher value="World Health Organization (WHO)"/><contact><name value="World Health Organization (WHO)"/><telecom><system value="url"/><value value="https://www.who.int"/></telecom></contact><description value="Codes representing possible values for the Current medications element"/><jurisdiction><coding><system value="http://unstats.un.org/unsd/methods/m49/m49.htm"/><code value="001"/></coding></jurisdiction><immutable value="true"/><compose><include><system value="http://who.int/cg/CodeSystem/extended-content"/><concept><code value="Don't know"/><display value="Don't know"/></concept><concept><code value="STI medication"/><display value="STI medication"/></concept><concept><code value="Other Antibiotics"/><display value="Other antibiotics"/></concept><concept><code value="Other"/><display value="Other (specify)"/></concept></include><include><system value="http://snomed.info/sct"/><concept><code value="788081006"/><display value="Antivirals"/></concept><concept><code value="788075003"/><display value="Antiretrovirals"/></concept><concept><code value="409516001"/><display value="PrEP"/></concept></include></compose></ValueSet>