{
  "resourceType" : "ValueSet",
  "id" : "IMMZ.D1.DE84",
  "text" : {
    "status" : "extensions",
    "div" : "<div xmlns=\"http://www.w3.org/1999/xhtml\"><ul><li>Include these codes as defined in <a href=\"CodeSystem-IMMZ.D1.html\"><code>http://smart.who.int/ig/smart-immunizations/CodeSystem/IMMZ.D1</code></a><table class=\"none\"><tr><td style=\"white-space:nowrap\"><b>Code</b></td><td><b>Display</b></td><td><b>Definition</b></td></tr><tr><td><a href=\"CodeSystem-IMMZ.D1.html#IMMZ.D1-DE85\">DE85</a></td><td>IGRA</td><td>Interferon-gamma release assay (IGRA)</td></tr><tr><td><a href=\"CodeSystem-IMMZ.D1.html#IMMZ.D1-DE86\">DE86</a></td><td>TST</td><td>Tuberculin skin test (TST) </td></tr></table></li></ul></div>"
  },
  "url" : "http://smart.who.int/ig/smart-immunizations/ValueSet/IMMZ.D1.DE84",
  "version" : "0.1.0",
  "name" : "IMMZ_D1_DE84",
  "title" : "IMMZ.D1.DE84 ValueSet for Type of TB infection test performed",
  "status" : "active",
  "date" : "2023-10-16T21:55:06+00:00",
  "publisher" : "World Health Organization (WHO)",
  "contact" : [{
    "name" : "World Health Organization (WHO)",
    "telecom" : [{
      "system" : "url",
      "value" : "https://www.who.int"
    }]
  }],
  "description" : "ValueSet for Type of TB infection test performed for IMMZ.D1.DE84.",
  "jurisdiction" : [{
    "coding" : [{
      "system" : "http://unstats.un.org/unsd/methods/m49/m49.htm",
      "code" : "001"
    }]
  }],
  "compose" : {
    "include" : [{
      "system" : "http://smart.who.int/ig/smart-immunizations/CodeSystem/IMMZ.D1",
      "concept" : [{
        "code" : "DE85",
        "display" : "IGRA"
      },
      {
        "code" : "DE86",
        "display" : "TST"
      }]
    }]
  }
}