{
  "resourceType" : "ValueSet",
  "id" : "IMMZ.D1.DE35",
  "text" : {
    "status" : "extensions",
    "div" : "<div xmlns=\"http://www.w3.org/1999/xhtml\"><ul><li>Include these codes as defined in <a href=\"CodeSystem-IMMZ.D1.html\"><code>http://smart.who.int/ig/smart-immunizations/CodeSystem/IMMZ.D1</code></a><table class=\"none\"><tr><td style=\"white-space:nowrap\"><b>Code</b></td><td><b>Display</b></td><td><b>Definition</b></td></tr><tr><td><a href=\"CodeSystem-IMMZ.D1.html#IMMZ.D1-DE36\">DE36</a></td><td>IPV</td><td>Inactivated poliovirus vaccine (IPV)</td></tr><tr><td><a href=\"CodeSystem-IMMZ.D1.html#IMMZ.D1-DE37\">DE37</a></td><td>bOPV</td><td>Bivalent oral poliovirus vaccine (bOPV)</td></tr></table></li></ul></div>"
  },
  "url" : "http://smart.who.int/ig/smart-immunizations/ValueSet/IMMZ.D1.DE35",
  "version" : "0.1.0",
  "name" : "IMMZ_D1_DE35",
  "title" : "IMMZ.D1.DE35 ValueSet for Type of polio dose",
  "status" : "active",
  "date" : "2023-10-16T21:55:06+00:00",
  "publisher" : "World Health Organization (WHO)",
  "contact" : [{
    "name" : "World Health Organization (WHO)",
    "telecom" : [{
      "system" : "url",
      "value" : "https://www.who.int"
    }]
  }],
  "description" : "ValueSet for Type of polio dose for IMMZ.D1.DE35.",
  "jurisdiction" : [{
    "coding" : [{
      "system" : "http://unstats.un.org/unsd/methods/m49/m49.htm",
      "code" : "001"
    }]
  }],
  "compose" : {
    "include" : [{
      "system" : "http://smart.who.int/ig/smart-immunizations/CodeSystem/IMMZ.D1",
      "concept" : [{
        "code" : "DE36",
        "display" : "IPV"
      },
      {
        "code" : "DE37",
        "display" : "bOPV"
      }]
    }]
  }
}