{
  "resourceType" : "ValueSet",
  "id" : "IMMZ.D1.DE68",
  "text" : {
    "status" : "extensions",
    "div" : "<div xmlns=\"http://www.w3.org/1999/xhtml\"><ul><li>Include these codes as defined in <a href=\"CodeSystem-IMMZ.D1.html\"><code>http://smart.who.int/ig/smart-immunizations/CodeSystem/IMMZ.D1</code></a><table class=\"none\"><tr><td style=\"white-space:nowrap\"><b>Code</b></td><td><b>Display</b></td><td><b>Definition</b></td></tr><tr><td><a href=\"CodeSystem-IMMZ.D1.html#IMMZ.D1-DE69\">DE69</a></td><td>MenA conjugate vaccine (5µg)</td><td>Monovalent serogroup A (MenA) conjugate vaccine (5µg) vaccine</td></tr><tr><td><a href=\"CodeSystem-IMMZ.D1.html#IMMZ.D1-DE70\">DE70</a></td><td>Monovalent MenC conjugate</td><td>Monovalent MenC conjugate vaccine</td></tr><tr><td><a href=\"CodeSystem-IMMZ.D1.html#IMMZ.D1-DE71\">DE71</a></td><td>Quadrivalent conjugate</td><td>Quadrivalent conjugate (A,C,W135,Y-D and A,C,W135,Y-CRM) vaccines</td></tr></table></li></ul></div>"
  },
  "url" : "http://smart.who.int/ig/smart-immunizations/ValueSet/IMMZ.D1.DE68",
  "version" : "0.1.0",
  "name" : "IMMZ_D1_DE68",
  "title" : "IMMZ.D1.DE68 ValueSet for Type of last meningococcal dose",
  "status" : "active",
  "date" : "2023-10-16T21:55:06+00:00",
  "publisher" : "World Health Organization (WHO)",
  "contact" : [{
    "name" : "World Health Organization (WHO)",
    "telecom" : [{
      "system" : "url",
      "value" : "https://www.who.int"
    }]
  }],
  "description" : "ValueSet for Type of last meningococcal dose for IMMZ.D1.DE68.",
  "jurisdiction" : [{
    "coding" : [{
      "system" : "http://unstats.un.org/unsd/methods/m49/m49.htm",
      "code" : "001"
    }]
  }],
  "compose" : {
    "include" : [{
      "system" : "http://smart.who.int/ig/smart-immunizations/CodeSystem/IMMZ.D1",
      "concept" : [{
        "code" : "DE69",
        "display" : "MenA conjugate vaccine (5µg)"
      },
      {
        "code" : "DE70",
        "display" : "Monovalent MenC conjugate"
      },
      {
        "code" : "DE71",
        "display" : "Quadrivalent conjugate"
      }]
    }]
  }
}